nome,sobrenome,ddd,numeroTelefonico,cidade,estado,endereco,numero,complemento,bairro,observacoes
Leonardo, Suzan,19,997076663,Campinas,São Paulo, R Paulo Setúbal, 355, AP 131, Botafogo, N/A
Vitor, Guerreiro, 15, 991070550, Campinas, São Paulo, R Buarque de Macedo, 1011, AP 123, Vila Nova, N/A
Gabriela, Utuari, 11, 956582812, São Paulo, São Paulo, R Pantojo, 100, AP 22, Tatuapé, N/A 
Lawrence,Larson,52,558095832,‘Akko,,9 Monica Lane,0,Cogidoo,semper,vel
Jonathan,Mendoza,68,81453796,Yuli,,31 Petterle Road,1,Abatz,porta,arcu
Bonnie,Hicks,70,298614078,Gnojnik,,9612 Russell Lane,71,Gigabox,ultrices,ut
Nicholas,Bennett,61,992957411,Nuku‘alofa,,9834 Kennedy Street,110,Kwilith,turpis,justo
Michael,Harris,74,782585467,Montes,Leiria,2529 Bobwhite Plaza,66,Einti,in,at
Daniel,Coleman,41,915711328,Uchiza,,7 Grasskamp Pass,03112,Oyoyo,sit,fusce
Jennifer,Riley,58,734140146,Dorp Antriol,,24 Pepper Wood Parkway,66,Centidel,interdum,rhoncus
Donna,Banks,11,931648115,Libao,,876 8th Plaza,5772,Twitterbridge,erat,ultrices
Ruby,Howard,34,520128742,Wenshang,,410 Merrick Point,4,Skynoodle,nulla,in
Sara,Weaver,53,916375717,Peer,,45619 Loeprich Park,653,Zoonder,odio,ultrices
Patricia,Gonzales,38,10160265,Creil,Picardie,2 Clarendon Trail,97274,Livetube,vestibulum,aliquam
Steven,Collins,57,332923533,Qiankeng,,62 Hooker Trail,97,Dynava,rhoncus,sit
Nancy,Woods,68,647644033,Bahāwalpur,,06802 Melody Road,26,Browsetype,lectus,felis
Keith,Ryan,30,856708775,Río de Jesús,,15383 Harbort Street,542,Centizu,praesent,sapien
Shawn,Stone,84,117998061,Póvoa,Viseu,64 Graceland Terrace,7,Realcube,elementum,sapien
Jerry,Webb,57,569718546,Gilowice,,2399 Amoth Avenue,85548,Youtags,sapien,mi
Jeffrey,Hayes,98,425468502,Neob,,4 Maywood Way,47306,Thoughtblab,diam,pede
Ryan,Grant,76,402419997,Gubkinskiy,,2 Becker Center,183,Divanoodle,lacinia,nisl
William,Powell,92,669462434,Anmore,,10201 Hovde Court,81691,Divanoodle,integer,tellus
Richard,Harper,47,104426334,Buracan,,71624 Lillian Park,08559,Demimbu,cubilia,integer
Clarence,Hawkins,74,295385830,Banawang,,5133 Mcbride Junction,23,Lajo,molestie,integer
Jacqueline,Cooper,65,656777205,Saint-Louis du Nord,,37 Carey Park,21170,Vimbo,primis,orci
David,Hansen,16,546156297,Penisihan,,9 Kennedy Crossing,7,Innojam,hac,posuere
Phillip,Fuller,21,984467047,Jaboatão dos Guararapes,,57969 John Wall Drive,6,Fatz,imperdiet,cubilia
Doris,Arnold,67,856458393,Clodomira,,93 Kropf Parkway,7,Brainbox,lorem,nunc
Melissa,Berry,76,558907862,Sinegorskiy,,16167 Hollow Ridge Park,8,Wikibox,condimentum,eu
Patricia,Mason,70,646968672,Semënovskoye,,8246 5th Way,86674,Twimbo,lorem,sit
David,Martin,81,878038601,Longotea,,85 Almo Center,5879,Digitube,tempus,ornare
Jacqueline,Howell,57,43967634,Tamana,,3379 Bayside Circle,1,Dabvine,praesent,augue
Timothy,Hall,32,599278542,Wonoharjo,,62 School Center,3273,Yakidoo,nulla,at
Michael,Matthews,69,367673157,Mysiadło,,880 Jana Avenue,462,Livetube,libero,ultrices
Susan,Young,83,72077937,Kilim,,3 Farwell Park,62617,Minyx,luctus,ipsum
Roger,Ryan,22,633816172,Ćićevac,,5 Artisan Court,2,Babbleset,platea,augue
Joshua,Wallace,93,974746260,Dalianhe,,1372 Rutledge Street,82,Flipbug,amet,vestibulum
Jason,Woods,50,201374680,Houyu,,9 Old Gate Street,46841,Buzzshare,eu,erat
Ronald,Wood,71,547039515,La Ligua,,0285 Schiller Street,22,Linktype,curae,turpis
Jennifer,Rodriguez,20,935708289,Sasebo,,860 Sunnyside Parkway,7371,Fivebridge,vulputate,odio
Cynthia,Coleman,98,252139370,Jawor,,47 Shopko Trail,34,Gabcube,nullam,ipsum
Chris,Russell,15,778798994,Akunk’,,2 Clemons Alley,7,Cogilith,pede,quis
Richard,Harris,18,564778314,Tandzut,,201 Sycamore Center,0014,Topdrive,in,sapien
Timothy,Porter,93,825330260,Baimi,,00722 Karstens Road,94003,Fatz,lobortis,donec
Sandra,Shaw,82,456426965,Tambaksumur,,02 Continental Drive,5141,Eabox,mauris,tristique
Andrea,Larson,22,421900425,Strzelce Krajeńskie,,19880 Dovetail Crossing,533,Wikivu,morbi,pharetra
Janet,Wagner,64,392894468,Moro,,45 Jackson Trail,36,Yoveo,in,phasellus
Martin,Jacobs,83,691469800,Al ‘Āliyah,,87852 Old Shore Terrace,1,Dablist,ut,quis
Cynthia,Wells,25,613764808,Arevik,,281 1st Place,69,Zoozzy,mauris,turpis
Janet,Wright,24,212612104,Bai’e,,1885 Cambridge Alley,22,Ozu,pulvinar,adipiscing
Anne,Carroll,81,831830299,Surovikino,,6410 Lukken Street,766,Trilia,metus,dictumst
Virginia,Stone,61,342582879,Daliu,,24 Linden Plaza,2,Devcast,eros,semper
Jeffrey,Mendoza,14,373561214,Yulin,,7 Veith Crossing,3,Linktype,vehicula,suscipit
Scott,Wheeler,88,52769079,Brooklyn,New York,1 Quincy Circle,29937,Browsebug,consequat,augue
Henry,Harvey,46,461141489,Cabinteely,,3094 Golden Leaf Terrace,744,Mita,id,montes
Wanda,Walker,85,476689292,Novokayakent,,01039 Basil Lane,326,Topdrive,rhoncus,est
Carl,Hart,44,476570177,Loen,,4501 Oxford Avenue,90480,Dablist,etiam,maecenas
Raymond,Ruiz,82,147527715,Paringin,,599 Dorton Place,00,Yakitri,sit,congue
Catherine,Burns,38,54116449,Lorengau,,2108 Arkansas Alley,5,Yombu,lobortis,bibendum
Roger,Peterson,96,884952045,Cibalieur,,67 Shopko Junction,619,Ntag,rutrum,sapien
George,Hunter,73,55555800,Jati,,59688 Longview Crossing,2523,Photobean,ipsum,sit
Eugene,Martin,99,316643474,Baie-Comeau,,037 Browning Circle,6184,Vinder,eleifend,vivamus
Billy,Hansen,49,254085234,Ratchaburi,,69190 Macpherson Park,0287,Riffpath,faucibus,ultrices
Adam,Garza,67,569604391,Jietou,,87908 Russell Hill,27,Jaloo,nec,a
Carolyn,Ford,26,149705463,Dianwan,,0840 Warner Court,706,Shuffletag,sollicitudin,libero
Jessica,Kennedy,80,440886547,Amurzet,,398 Northwestern Road,35887,Vinder,sed,semper
Mildred,Moreno,18,760541166,Santa Rosa,,4998 Eagle Crest Plaza,6,Skyvu,purus,consequat
David,Simmons,93,947394862,Heshui,,79 Mifflin Terrace,7556,Kazu,a,eu
Ronald,Carr,61,716053558,Dungkek Laok,,96 Hazelcrest Avenue,05009,Abata,morbi,nisi
Marie,Reynolds,13,192054170,Indralayang,,4608 Novick Alley,8405,Miboo,est,pede
Juan,Jenkins,93,395466422,Damietta,,25 Surrey Street,28,Avamba,habitasse,elit
Edward,Weaver,76,666979429,Tianqian,,71 Victoria Lane,62,BlogXS,vestibulum,mauris
Barbara,Castillo,81,725001398,Los Palacios,,2295 Rieder Pass,869,Browsebug,sit,est
Kelly,Hamilton,24,110516948,Sumberrejo,,537 Elka Park,1,Jabberbean,cum,ipsum
Antonio,Ray,65,797660706,Miaoshou,,05 Aberg Parkway,3447,Tagcat,vestibulum,pede
James,Simpson,99,542925237,Villamaría,,44 Hoepker Plaza,40280,Photofeed,duis,eu
Lisa,Montgomery,36,102044646,Jizhou,,338 Pine View Place,9810,Edgetag,quis,nunc
Gregory,Frazier,51,69693608,Jatisari,,726 Marcy Court,5,Kazu,cubilia,fusce
George,Adams,33,896760490,Sawankhalok,,6 Goodland Drive,31164,Linklinks,lectus,ut
Brenda,Meyer,34,198494759,Mahuta,,6 Eagle Crest Drive,89,Thoughtmix,donec,ultrices
Albert,Price,53,475932105,Penisihan,,2603 Buena Vista Trail,501,Camido,est,justo
Tammy,Anderson,57,544560856,Lengkongjaya,,2 Beilfuss Lane,9956,Roombo,bibendum,non
Brenda,Gibson,45,755277631,Sanshui,,46 Dapin Alley,6857,Agimba,in,consequat
Rebecca,Berry,67,609920815,Ila Orangun,,654 Jenifer Pass,88821,Voomm,eu,dolor
Lori,Wheeler,66,404686741,Vaiamonte,Portalegre,829 Vera Parkway,9,Zoonoodle,magnis,sit
Johnny,Bennett,23,674950522,Iogach,,6 Marcy Lane,91,Eazzy,sed,curabitur
Denise,Black,35,999593080,Liloan,,48701 Dwight Park,88219,Brightbean,consequat,convallis
Betty,Stone,34,198618197,Baiima,,6722 Nevada Way,85501,Rooxo,suscipit,odio
Julie,Johnston,45,671179355,Liangbing,,80914 Clemons Way,6387,Rhynoodle,dolor,vestibulum
Janice,Myers,64,364936984,Sangoleng,,25624 Hoffman Junction,55,Devshare,sapien,donec
Randy,Gardner,51,289173153,Kowale Oleckie,,64014 Gerald Terrace,44,Feedmix,diam,consequat
Anthony,Howard,85,431821714,Nowy Sącz,,86 Homewood Place,456,Flipbug,semper,ornare
Brenda,Mccoy,29,85787374,Bydgoszcz,,866 Nobel Hill,99665,Snaptags,ante,nunc
Mildred,Lawson,74,13282991,Amiens,Picardie,6 Eastwood Plaza,65118,Tavu,porttitor,parturient
Joe,Evans,55,476851854,Las Breñas,,1 Schurz Road,07,Mydeo,adipiscing,vulputate
Aaron,Parker,61,960383721,Xinghua,,79 Donald Alley,81,Gabvine,potenti,neque
Tina,Graham,34,153191276,Djibouti,,8 Burrows Avenue,3753,Voomm,aliquam,curae
Frances,Wagner,23,577619768,Reisjärvi,,26 Dexter Lane,88,Miboo,ornare,pede
Kevin,Stanley,24,233751523,Chengdong,,815 New Castle Center,46406,Kimia,sapien,semper
Brian,Torres,73,932488757,Ta Phraya,,22 Bay Crossing,2711,Wordify,nam,metus
Judy,Rogers,11,473819323,Kopychyntsi,,00284 Truax Junction,59,Yabox,quam,dui
Nicholas,Phillips,50,31765800,Dār an Naşr,,37 Talisman Hill,60,Zoomlounge,imperdiet,ligula
Jimmy,Franklin,87,430390855,Ciechocin,,82 Riverside Park,82177,Zoomdog,nulla,amet
Marilyn,Alexander,89,214747100,Hujia,,3855 Oxford Circle,3,Katz,platea,augue
Tammy,Rice,67,79120576,Kokaj,,86 Butterfield Court,84,Yombu,integer,nec
Benjamin,Fowler,68,261212310,Pará de Minas,,600 Twin Pines Junction,8,Jabberbean,sit,curabitur
Angela,Campbell,86,272037848,Colmar,Alsace,22010 East Court,21348,Skiptube,tortor,massa
Janice,Matthews,71,287705921,Arthur’s Town,,37 La Follette Pass,5186,Wordware,mi,in
Gary,Fowler,27,223827491,Quintã,Braga,94369 Goodland Alley,27,Mybuzz,vivamus,enim
Jimmy,Wagner,82,199096361,Paris 08,Île-de-France,42 Cherokee Drive,1,Roodel,dui,elit
Chris,Elliott,88,822406939,Silab,,87 Burrows Pass,72,Riffwire,luctus,vestibulum
Jack,Ray,86,697914615,Krajan Dukuhseti,,3 Coolidge Hill,72,Gigaclub,massa,platea
Kimberly,Young,19,541346737,Arujá,,2538 Summer Ridge Point,9,Thoughtbeat,tempus,id
Paul,Matthews,87,881466649,Helsingborg,Skåne,33 Summit Road,07,Innojam,nisi,quisque
Bonnie,Hall,26,519649980,Dunleer,,60 Algoma Hill,99,Yozio,gravida,pellentesque
Ruby,Frazier,29,179583109,Plavy,,76 Forest Run Junction,3570,Wordpedia,ac,odio
Craig,Hawkins,84,292891810,Kista,Stockholm,579 Nancy Parkway,5505,Youfeed,nisl,id
Amy,Ellis,32,890030716,Jalaud,,442 Reinke Place,2,Gabtype,maecenas,sed
Tammy,Lewis,63,388563691,Sacramento,California,1 Hudson Alley,0,Gigabox,posuere,donec
Donna,Phillips,28,181677859,Předměřice nad Labem,,09503 Harbort Circle,26,Mudo,vitae,tincidunt
Gerald,Matthews,27,646631238,Nanterre,Île-de-France,1 Morningstar Street,5699,Kamba,habitasse,arcu
Jessica,Hughes,46,347354882,Duanjia,,5627 Heath Junction,9874,Aimbo,elit,interdum
Amy,Owens,32,47151655,Helmsange,,4297 Northwestern Terrace,1881,Mynte,elit,ut
Raymond,Hansen,64,368062293,Богданци,,267 Waubesa Terrace,592,Trilith,in,lorem
Anna,Franklin,81,542581096,Gérakas,,5544 Roxbury Alley,8,Eabox,primis,dui
Ashley,Edwards,35,756972789,El Paraíso,,0987 Cordelia Court,69895,Oyonder,a,aliquet
Lisa,Phillips,62,212971683,Nangka,,49 Starling Plaza,86234,Quinu,tortor,aliquet
Deborah,Stevens,56,536471424,Pantai Ceuremen,,3 Chive Street,288,Oyonder,faucibus,faucibus
Keith,Fowler,19,432770136,Sergiyev Posad,,838 Village Park,095,Browsetype,curae,amet
Pamela,Black,61,192605428,Świętajno,,76489 7th Junction,682,Skajo,aliquet,lorem
Jeremy,West,85,248015223,Xiyang,,7820 Oak Park,34,Mynte,dui,ac
Timothy,Long,75,926489091,San Rafael,California,5831 Sachtjen Avenue,3659,Roombo,justo,ante
Carlos,Allen,29,658003814,Al Ghizlānīyah,,393 Dayton Trail,1349,Katz,sapien,velit
Martin,Hanson,73,959195418,Michałów,,14 Kipling Terrace,45552,Kwideo,nulla,arcu
Dorothy,Ferguson,83,778475893,Baganhilir,,039 International Junction,3273,Brightbean,posuere,ut
Teresa,Carroll,91,286486243,Las Vegas,Nevada,140 Morrow Center,6,Izio,odio,et
Lillian,Murray,30,75795792,Ādam,,79 Springs Alley,3299,Yakidoo,leo,platea
Frank,Walker,95,768414720,Saint-Avold,Lorraine,3877 Dennis Park,79434,Youspan,risus,ligula
Carl,Bell,80,517616123,Cergy-Pontoise,Île-de-France,36505 Paget Center,676,Skipstorm,phasellus,nulla
Jane,Ramirez,55,461493032,Renyi,,36 Buhler Crossing,2,Meejo,consequat,sapien
Donald,Nichols,34,149573297,Zhireken,,92 La Follette Hill,01,Shuffledrive,adipiscing,mauris
Phillip,Willis,57,729480296,Ljutomer,,47 Johnson Hill,05923,Mybuzz,nulla,lacus
Eugene,Rodriguez,34,722464465,Valence,Rhône-Alpes,99947 Summit Alley,7,Tavu,pellentesque,proin
Daniel,Richards,37,728070023,Al Fashn,,0568 Dryden Lane,22,Vitz,in,sit
Catherine,Nelson,46,943113499,Maulavi Bāzār,,5 Ruskin Park,6632,Janyx,nisi,quis
Brandon,Mendoza,53,511319827,Santa Luċija,,3464 Armistice Street,604,Realblab,lacus,nunc
Ashley,Ward,43,14411442,Chenghuang,,22 Schlimgen Lane,72205,Twimbo,iaculis,nulla
Mildred,Fox,39,589899360,Washington,District of Columbia,7675 Michigan Avenue,907,Photospace,natoque,tincidunt
Angela,Fuller,87,367200815,Andalucía,,54205 Bultman Court,7579,Rhyloo,diam,iaculis
Bonnie,Henry,31,38582802,Retkovci,,6 Bultman Road,28599,Centidel,blandit,in
Benjamin,Morrison,89,798077754,Garoua,,9 Sundown Road,617,Nlounge,amet,rutrum
Fred,Kelly,79,687990932,Bhairab Bāzār,,3 Menomonie Crossing,6700,Yoveo,morbi,semper
Stephen,Torres,66,179828059,Carreira,Braga,0103 Homewood Center,219,Buzzdog,augue,ipsum
Christopher,Carter,13,905369747,Zbůch,,77 Buell Street,2367,Browsedrive,erat,ipsum
Todd,Ray,82,100976808,Adolfo Ruiz Cortines,Veracruz Llave,965 1st Pass,4,Skynoodle,nulla,nulla
Barbara,Ellis,31,990839706,Morondava,,8 Michigan Plaza,57,Edgewire,ullamcorper,nam
Ronald,Alexander,82,330395102,Pryyutivka,,4757 Merchant Pass,9,Skiba,arcu,suscipit
Patricia,Carpenter,51,99229635,Zhongzhai,,453 Hudson Street,24963,Fanoodle,vel,porta
Evelyn,Murray,61,597681931,Emiliano Zapata,Tamaulipas,34847 Clemons Drive,5504,Yacero,quam,dapibus
Ann,Fernandez,77,548462764,Margacina,,191 Reinke Circle,7,Zazio,facilisi,iaculis
Peter,Williamson,48,694200730,Stockholm,Stockholm,81 Kingsford Hill,25053,Youopia,vestibulum,eget
Philip,Crawford,49,37367605,Ruukki,,5 Clove Pass,57703,Yodo,leo,vitae
Martha,Hunt,81,296080179,Ciudad Nueva,,51866 Hudson Plaza,6198,Eadel,eros,condimentum
Dorothy,Bailey,40,111831865,Pengshi,,711 Mitchell Pass,06478,Skipfire,volutpat,sed
Judith,Burke,42,394931727,Fagersta,Västmanland,123 Crescent Oaks Junction,3,Oyope,aliquam,ante
Phillip,Warren,31,484330390,Nandaime,,1 Granby Terrace,7,Wordware,in,augue
Donald,Stone,63,839335375,Dasht-e Archī,,968 Lakewood Pass,75,Talane,vestibulum,dictumst
James,Rodriguez,70,943721336,Saltsjöbaden,Stockholm,3897 Division Street,11496,Plambee,bibendum,id
Ruth,Gutierrez,11,300742334,Andongwei,,587 Lake View Crossing,4594,Vipe,ante,integer
Michelle,Robinson,34,600732341,Polyarnyy,,2822 Rockefeller Alley,2321,Photobug,in,vel
Harold,Sims,66,646245710,Shtip,,3824 Luster Circle,058,Blogspan,augue,erat
Willie,Richardson,51,424650486,Montilla,,10 Myrtle Drive,67318,Centidel,suscipit,consequat
Mark,James,26,747268437,São José de Ribamar,,8078 Marquette Terrace,80,Wikibox,accumsan,risus
Benjamin,Harris,87,303966350,Zelenchukskaya,,28996 Bonner Street,1,Camido,libero,in
Johnny,Stone,96,26293600,Konkwesso,,2 Reindahl Junction,54933,Skaboo,condimentum,in
Jesse,Tucker,80,805831091,Ojiya,,4 Lakeland Terrace,81651,Izio,platea,etiam
Helen,Hughes,45,494117587,Bergerac,Aquitaine,46 Eliot Avenue,77755,Ailane,vestibulum,elit
Nicholas,Powell,58,35547862,Osorno,,8 Miller Plaza,10,Voonder,accumsan,molestie
Janet,Woods,83,161794468,Kauniainen,,21 Scott Avenue,869,Browseblab,rhoncus,ultrices
Robert,Oliver,72,358374073,Öldziyt,,806 Sugar Street,7313,Twimbo,ante,tempus
Norma,Stone,25,515483653,Montonggamang,,27366 South Street,44236,Twitterlist,sit,sapien
Chris,Stanley,92,241405329,Guling,,246 Village Green Alley,10297,Kaymbo,vulputate,turpis
Kevin,Ryan,78,382380497,Amarete,,8396 Northport Terrace,28,Skalith,aenean,leo
Jack,Lee,41,939714780,Guaranda,,4770 Bowman Lane,5800,Feednation,pede,eleifend
Richard,Shaw,49,353866426,Qorovulbozor,,45 Sunbrook Terrace,62,Digitube,metus,sodales
Jeremy,Robertson,58,784975406,Enrekang,,89 Elmside Alley,7410,Zoozzy,mauris,vitae
Sean,Fisher,83,891518075,Orong,,63 Summer Ridge Street,65590,Eare,eget,ante
David,Bell,86,550425524,Yingdianjie,,8 Summerview Street,724,Feedspan,semper,varius
Denise,Reyes,77,917404263,Pengilon,,9 Washington Pass,905,Jaxbean,ante,nam
Louis,Wallace,25,717829848,Suohe,,8679 Everett Pass,95358,Reallinks,accumsan,orci
Charles,Fields,28,101620367,Aubagne,Provence-Alpes-Côte d'Azur,255 International Park,900,Blogtags,ut,eu
Frances,Garza,93,263422902,Kawanishi,,36335 Kennedy Way,9182,Tanoodle,id,a
Gregory,Payne,27,657733671,Kosów Lacki,,35276 Bowman Circle,86900,Eadel,hac,lorem
Susan,Myers,20,903654305,Mutis,,80575 Sutherland Lane,4677,Thoughtworks,vivamus,risus
Ashley,Martin,45,634235176,Medveditskiy,,915 Magdeline Lane,86,Avamm,nec,congue
Walter,Hansen,99,829499330,San Sebastian,,978 Express Alley,779,Miboo,sapien,tristique
Carol,Martin,23,107163446,Turanj,,3894 Carioca Point,87,Fanoodle,nulla,quam
Julie,Dunn,50,738714820,Sernur,,21545 Continental Place,058,Podcat,augue,integer
Jonathan,Freeman,91,202090164,Verkhn’odniprovs’k,,2667 Fremont Drive,91,Twitternation,pretium,neque
Jennifer,Weaver,18,814829000,Illushi,,2875 Becker Junction,632,Ooba,odio,dui
Teresa,Cox,93,247488638,Căuşeni,,7469 Merrick Crossing,43793,Ntags,elementum,nunc
Todd,Cox,34,226392905,Amarillo,Texas,30 Troy Court,60864,Livetube,amet,quisque
Philip,Carr,77,867782116,Zernograd,,26080 Bartelt Junction,946,Jabberbean,neque,massa
Walter,Ruiz,90,911399136,Santa Fe,,9324 Lawn Junction,0117,Trudoo,tincidunt,nullam
Anne,Carroll,58,726146223,Phra Nakhon Si Ayutthaya,,4 Valley Edge Road,511,Twinder,eget,quis
George,Meyer,73,596542451,Velingrad,,76755 Scoville Park,8280,Demimbu,justo,nunc
Antonio,Webb,30,182743246,Malibago,,3 Redwing Point,10516,Roomm,vitae,justo
Susan,Cooper,99,606453617,Kopstal,,39 American Ash Circle,79,Quatz,vestibulum,ornare
Walter,Lawrence,66,552698895,Vân Canh,,2282 Bluejay Circle,5616,Rhybox,rhoncus,aliquam
Robin,Morales,75,595999466,Sarāqib,,0 Summerview Way,80422,Abatz,nunc,tempor
Diane,Fernandez,33,98740434,Penha Longa,Porto,8391 Hagan Avenue,5,Tanoodle,dui,ipsum
Jessica,Larson,62,345194815,Kozhanka,,6062 Monument Alley,7,InnoZ,nunc,rhoncus
Jerry,Baker,12,983514454,Whitwell,England,44805 Sutteridge Drive,036,Mynte,maecenas,volutpat
Debra,Duncan,97,261725615,Alofi,,116 Crest Line Parkway,697,Skalith,lacinia,nam
Tammy,Lopez,21,473685279,Teresa,,03 Northfield Plaza,54,Thoughtworks,sagittis,ultricies
Roger,Hudson,41,823433895,Uusikaupunki,,3267 Pleasure Alley,4296,Cogibox,imperdiet,sollicitudin
Elizabeth,Murray,94,985594251,Novaya Usman’,,639 Quincy Street,7,Dynabox,duis,pede
Donna,Griffin,28,550903942,Ibirataia,,880 Pine View Terrace,32614,Mycat,velit,morbi
Stephanie,Ortiz,90,423729325,Ḩalḩūl,,88 Heath Alley,8,Tagfeed,non,rutrum
Martha,White,75,522659490,Mogi Guaçu,,8 Crest Line Alley,20956,Feedmix,cubilia,augue
Joe,Rodriguez,11,716800377,Pukkila,,62 Erie Court,54,Jabbertype,mauris,semper
Theresa,Wheeler,31,528909857,Veliki Preslav,,981 Sachtjen Drive,010,Aimbu,parturient,orci
Mark,Mason,50,75492251,Bangad,,4 Armistice Point,97,Wikibox,vulputate,ligula
Harry,Phillips,24,722464222,Jicun,,1935 Derek Road,97262,Trilith,nam,sed
Sean,Hill,81,660860435,Irará,,51 Utah Alley,6,Bubbletube,dui,viverra
Annie,Gutierrez,29,660730035,Gotputuk,,4151 Eastlawn Park,313,Gevee,quam,nulla
Julia,Edwards,31,926563494,Moscow,,1655 Northfield Way,92,Kwimbee,sed,mauris
Susan,Larson,95,764580033,Hidalgo,Veracruz Llave,23067 3rd Point,4503,Meembee,auctor,cubilia
Keith,West,19,792792266,Putou,,16 Old Gate Circle,30,Quatz,volutpat,curae
Tammy,Cook,77,816420660,Sidem,,066 Park Meadow Hill,79316,Zoonoodle,congue,pretium
Kathy,Washington,20,592042361,Heshui,,85757 Bultman Street,59,Realcube,ligula,vulputate
Louise,Fowler,35,290564288,U Minh,,922 Mendota Way,63,Flipbug,et,consequat
Amy,Bailey,55,714970962,Baiyushan,,709 Crest Line Hill,7051,Twinte,luctus,convallis
Andrew,Wallace,40,476364537,Krzyżanów,,522 Fairview Plaza,93571,Aibox,amet,viverra
Harold,Howell,89,145127411,Vybor,,91446 Coolidge Point,9024,Jabberstorm,pellentesque,quis
Earl,Clark,11,919469326,Cacequi,,01361 Milwaukee Crossing,7285,Kwilith,mauris,ac
Kathleen,Perez,83,82345792,Sidokumpul,,6856 Barnett Point,93689,Ntag,nec,ut
Diana,Myers,79,522680109,Bình Thủy,,122 Chinook Place,8145,Yambee,curae,ipsum
Jacqueline,Morris,13,549211256,Rāvar,,7050 Fremont Junction,4797,Flipstorm,nulla,lobortis
Emily,Clark,70,261167453,Orzu,,51081 Donald Drive,3063,Thoughtsphere,ac,consequat
William,White,32,259338555,Głuchołazy,,948 Brentwood Hill,19,Voolith,in,magnis
Raymond,Barnes,18,503715391,Chinch'ŏn,,3 Haas Terrace,75,Gevee,tortor,in
Lois,Allen,67,835869417,Nikolina Gora,,0 Riverside Parkway,38,Linklinks,blandit,nascetur
Diane,Riley,42,17486420,Jaguaquara,,77249 Annamark Alley,89,Bubblebox,vulputate,nec
Susan,Perez,15,990957813,Dazhipo,,61580 Loeprich Place,36,Skipfire,blandit,justo
Cheryl,Hanson,15,263485305,Suwałki,,73 Eagan Alley,7,Quatz,elit,lorem
Earl,Mills,57,394366061,Borodino,,74839 Paget Parkway,5346,Thoughtbeat,metus,felis
Amy,Austin,59,145562761,Minggang,,77801 Westend Court,58768,Youspan,id,urna
Barbara,Gonzalez,44,935355934,Golovchino,,31168 Forest Plaza,9,Muxo,pede,lacinia
Fred,Johnston,16,104303056,Dardhas,,64901 Memorial Pass,80,Wordpedia,luctus,congue
Kathy,Roberts,89,338926093,La Guacamaya,,13 Calypso Court,014,Wordify,ullamcorper,natoque
Jessica,Daniels,49,493588555,Caracal,,37638 Granby Lane,26108,Yombu,sem,justo
Eric,Rogers,79,203242316,Piastów,,23644 Debra Terrace,9922,Zoomcast,a,felis
Eric,Fernandez,61,771882998,Ifakara,,1 Ridgeway Alley,5,Gabtune,justo,justo
Gerald,Garza,46,943796194,Hongor,,51888 Sunfield Center,54145,Wikivu,maecenas,posuere
Earl,Stanley,14,360551416,La Labor,,5 Drewry Street,4088,Ntag,massa,molestie
Keith,Perkins,83,301023643,Padasuka,,9442 Green Ridge Park,19041,Skinte,cubilia,orci
Wayne,Perez,35,261470987,Bayan Huxu,,7 Monica Street,693,Trudeo,pede,ac
Nicholas,Burns,52,938046465,Chichigalpa,,54854 Namekagon Road,083,Zazio,sed,lacinia
Howard,Campbell,36,58748509,Camacupa,,1 Brown Alley,1,Skajo,egestas,dui
Theresa,Burke,89,185750265,Kardítsa,,54 Lakeland Road,0,Voonte,pellentesque,amet
Andrea,Pierce,81,217329047,Chongwen,,79397 Moland Hill,1494,Yotz,vehicula,malesuada
Charles,Romero,75,268292604,Jiangkou,,12 Montana Pass,896,Devpulse,at,sollicitudin
Henry,Perez,11,374301732,Vrbovec,,2276 Anzinger Trail,7540,Feedfish,ultrices,turpis
Janice,Stanley,56,35229266,Ubá,,1 Darwin Center,887,Quinu,vulputate,ullamcorper
Judith,Young,20,964143496,Próti,,20902 Golf Course Pass,74649,Oozz,iaculis,turpis
Larry,Arnold,82,846874527,Ténenkou,,3620 Pawling Avenue,7,Leenti,velit,eu
Barbara,Ward,64,806816510,Cuogang,,38 Heffernan Drive,47581,Yakijo,tortor,sodales
George,Brooks,34,809085148,Embalse,,00 Bashford Crossing,6294,Voomm,luctus,dui
Brian,Ruiz,61,537890301,Souziqiu,,41 Bobwhite Trail,88,Leenti,praesent,blandit
Thomas,Freeman,99,752978339,Skolkovo,,957 Oak Center,3120,Kwilith,enim,faucibus
Nicholas,Sims,78,713676672,Hetoudian,,9939 Clove Street,7,Skiptube,erat,interdum
Patrick,Freeman,10,123444254,Picassinos,Leiria,1951 Linden Circle,5,Camimbo,lacus,leo
Marie,Armstrong,86,568752353,Bahía de Caráquez,,131 Moose Trail,141,Avamm,donec,ac
Christine,Evans,56,873954454,Bozkow,,09327 Trailsway Pass,4,Janyx,faucibus,massa
Donna,Stanley,93,211305840,Sulengwaseng,,1875 La Follette Way,84753,Devpoint,in,elementum
Robert,Gordon,79,859205820,Vällingby,Stockholm,57 Mariners Cove Alley,8660,Trilia,quam,dapibus
Rose,Fields,22,693806057,Luena,,21 Roth Terrace,497,Riffwire,platea,lorem
Bobby,Rose,26,973372700,Aluminé,,78567 Pine View Way,933,Katz,nec,nulla
Arthur,Bradley,72,174762525,Mengjia,,582 Nevada Pass,50,Mynte,integer,sed
James,Parker,59,192569567,Tbêng Méanchey,,6 Cascade Junction,17958,Thoughtstorm,tortor,nunc
Antonio,Williams,45,610595297,Guashe,,0 Maple Crossing,473,Yombu,nunc,porttitor
Sandra,Green,31,313442615,General La Madrid,,25149 Nova Parkway,6237,Riffpedia,ac,donec
Angela,Stone,90,455181268,Iporá,,02435 Talmadge Avenue,508,Skynoodle,sapien,eget
Timothy,Sullivan,77,67435920,São Mateus do Maranhão,,9 Dwight Parkway,0791,Zoombox,euismod,erat
Juan,Sanders,63,139787161,Guayatá,,296 Derek Road,8,Dabtype,morbi,lacinia
Rose,Mason,64,803058266,Salamá,,70 Pepper Wood Alley,2239,Vimbo,suspendisse,nulla
Johnny,Bennett,46,983768971,Boca Raton,Florida,146 Troy Junction,3,Topicblab,ac,adipiscing
Richard,Schmidt,19,387798615,Pombal,Braga,05030 Morningstar Plaza,3100,BlogXS,sapien,erat
Lois,Sims,92,894456083,Béthune,Nord-Pas-de-Calais,9859 Mosinee Avenue,20,Brainverse,molestie,dolor
Wanda,Arnold,14,46899115,San Marcos,,2482 Anthes Parkway,8164,Youspan,hac,nec
Catherine,Campbell,27,890633172,Dve Mogili,,9 Service Junction,1706,Demivee,dictumst,turpis
Rebecca,Hunter,62,670384200,Boston,Massachusetts,59016 Mayer Park,7,Livetube,vestibulum,non
Kathryn,Spencer,48,636132432,Shengli,,45565 Alpine Way,8341,Jatri,commodo,vivamus
Kathryn,Warren,34,503617175,Calubcub Dos,,40176 Magdeline Trail,95031,Brainbox,nam,elit
Jimmy,Gibson,48,813674119,Borovskiy,,2 Thackeray Circle,82085,Tazz,phasellus,velit
Fred,Snyder,85,686533373,Tongyangdao,,57 Oriole Place,3,Realcube,eros,dolor
Russell,Lawrence,87,663784112,Dashuipo,,1 Anhalt Park,6,Yacero,massa,et
Debra,Bryant,71,396340579,Votorantim,,960 Hazelcrest Parkway,74,Quamba,sapien,tincidunt
Helen,Gonzalez,15,584193410,Affery,,6886 Clove Road,90331,Layo,quam,non
Terry,Daniels,47,698464319,Uthai Thani,,6479 Barby Lane,97,Vinder,curae,sapien
Carlos,Wheeler,20,236256595,Ōfunato,,221 Delladonna Drive,969,Twimm,phasellus,posuere
Aaron,Williamson,86,220773937,Freiria,Santarém,1533 La Follette Parkway,25585,Realblab,convallis,integer
Kathryn,Dixon,92,504513078,Tsiroanomandidy,,03 Wayridge Junction,80,Twinder,placerat,magna
Shawn,Green,52,614112206,Lantang,,6875 Hansons Road,38843,Topiclounge,posuere,primis
Louise,Gutierrez,51,260099465,Palaiochóri,,89 Crest Line Street,70087,Quimm,ac,odio
Rebecca,Smith,81,898545018,Jianfeng,,900 Stoughton Alley,43,Twimm,nisl,morbi
Howard,Rivera,43,126326145,Gândara de Aquém,Leiria,63734 Green Road,9486,Blogtags,platea,orci
Jack,Cook,75,123305693,Wolomoni,,49 Luster Way,241,Babbleopia,quisque,sed
Jeffrey,Williamson,30,973232288,Setonokalong,,288 Merchant Park,928,Zoomdog,magna,id
Kevin,Ward,67,331681016,Huanghai,,0113 Crescent Oaks Pass,2,Browseblab,leo,risus
Emily,Adams,29,297601317,Kamenný Přívoz,,7 Center Terrace,0191,Meetz,libero,duis
Mark,Morales,22,413795366,San Ignacio,,80 Mifflin Way,027,Yodo,luctus,luctus
Theresa,Day,15,546398411,Gardinovci,,93 Swallow Alley,09,Eire,etiam,erat
Juan,Bryant,53,40067699,Yonghe,,754 Rowland Street,80,Zava,justo,justo
Jack,Hunt,80,552880026,Granada,,2962 Columbus Lane,114,Vinder,semper,nam
Albert,Ortiz,51,156946336,Pico Truncado,,9 Beilfuss Lane,5180,Katz,lectus,ut
Kathleen,Arnold,99,445163758,Profítis Ilías,,64 Thompson Junction,3,Babbleblab,quam,tortor
Russell,Butler,81,940005122,Quanzhou,,62 Prentice Road,033,Dabshots,urna,ridiculus
Jimmy,West,18,429036277,Toledo,Ohio,167 Victoria Alley,94079,Kamba,erat,cubilia
Roger,Wood,36,156484399,Mercedes,,849 Farwell Plaza,7,Yombu,interdum,in
Anne,Green,10,999783484,Gostyń,,110 Dawn Crossing,6,Zoomdog,pede,maecenas
Russell,Adams,70,656674467,Gislaved,Jönköping,6 Nobel Street,7964,Mydeo,lectus,sapien
Eugene,Owens,61,56888805,Leitões,Braga,98 Main Place,65707,Centizu,sapien,auctor
Henry,White,37,988354145,Nezvěstice,,720 Raven Place,15,Feedfire,in,nisl
Mildred,Cruz,13,386308483,Villa María,,945 Packers Crossing,5210,Feednation,aenean,vivamus
Shawn,Gray,85,896777294,Tabiauan,,6476 Eagle Crest Trail,68529,BlogXS,tincidunt,quisque
Mary,Bennett,83,687372917,Danyang,,6695 Kipling Plaza,5453,Feedmix,mi,rutrum
Michelle,Ray,43,177932785,Jiaocha,,54951 Anthes Lane,76,Realbridge,porttitor,mi
Cynthia,Sullivan,54,637686325,Maromme,Haute-Normandie,8791 Sloan Avenue,92759,Wordware,nisi,orci
Dorothy,Kennedy,57,75815529,Zhoujia,,9579 Spaight Terrace,57,Jayo,libero,nunc
Tammy,Ellis,70,948855553,Arinos,,33 Sutherland Drive,9,Voomm,erat,id
George,Robinson,98,681014824,Lexington,Kentucky,053 Oxford Lane,7053,Linktype,sit,blandit
Patrick,Lawrence,16,390247955,Morteros,,8068 Cherokee Hill,3,Zoovu,eu,neque
Donna,Austin,92,967108269,Bačka Topola,,7947 Badeau Avenue,20,Quinu,orci,condimentum
Janice,Baker,74,787486430,Sergokala,,5131 Pawling Drive,93,Dazzlesphere,in,est
Emily,Duncan,15,381473884,Guisa,,54394 Southridge Plaza,6417,Babbleset,natoque,molestie
Lori,Robinson,66,280531891,Pasinan Barat,,60 Clyde Gallagher Lane,7245,Ailane,rutrum,nisi
Joan,Edwards,66,591226130,Wang Nam Yen,,251 Dennis Crossing,24269,Brainlounge,eros,et
Todd,Martinez,33,216141742,Duyure,,541 Grover Pass,633,Vinder,justo,laoreet
Shawn,Boyd,34,405253717,Pristen’,,03279 Donald Parkway,5229,Trilia,ante,varius
Evelyn,Evans,43,179935182,Herrljunga,Västra Götaland,717 Jay Hill,94247,Linklinks,at,fusce
Patricia,Burton,26,701429755,Parakanhonje Wetan,,3 Helena Way,948,Jabbersphere,enim,ligula
Ruby,Sims,13,778008019,Ntoroko,,40968 Graedel Junction,7887,Gabvine,quis,aliquam
Nancy,Sullivan,43,956506066,Yakymivka,,47 Vahlen Lane,9445,Izio,vitae,lectus
Richard,Stanley,63,317728786,Kharabali,,72093 Fair Oaks Crossing,737,Twinte,augue,nisl
George,Snyder,95,108713636,Kisumu,,82714 Forest Avenue,808,Photofeed,hac,donec
Louise,Fisher,51,816801954,Loma Bonita,Guanajuato,09668 Jay Lane,122,Wordtune,suspendisse,sapien
Jack,Tucker,75,949119707,Solčava,,4 Kim Center,76794,Edgeblab,vestibulum,semper
Andrea,Cunningham,67,588090778,Bungereng,,733 Division Avenue,4,Skyvu,commodo,non
Judy,Larson,91,853587656,Foros do Trapo,Setúbal,46999 Hooker Plaza,00313,Dynava,congue,nonummy
Samuel,Harvey,66,923607600,Dongxiang,,6423 Sachs Pass,07,Skiba,interdum,proin
Bruce,Gonzalez,28,405013597,Neiba,,5499 Cambridge Plaza,423,Lajo,elementum,in
Ryan,Kim,15,464145636,Hamburg,Hamburg,5789 Bunker Hill Road,7082,Skyba,elementum,molestie
Heather,Moore,48,475760222,Heishui,,9 Hanson Court,8836,Skalith,dolor,non
Daniel,Oliver,73,960722332,Baclayon,,81 Lakeland Street,414,Wikibox,at,in
Diana,Phillips,64,136901469,Torres Vedras,Lisboa,9216 Esch Road,3119,Yodoo,nam,at
Pamela,Holmes,27,601073234,Tsaghkaber,,78 Cordelia Crossing,87078,Quaxo,elit,integer
Ashley,Barnes,87,541977123,Panggungwinong,,5763 Sheridan Park,45562,Photobug,vel,non
Bruce,Griffin,51,134219172,Parigi,,6 Ruskin Terrace,3922,Vidoo,aliquam,viverra
Jessica,Knight,54,595078287,Cigadog,,6 Spaight Crossing,59394,Shuffletag,ullamcorper,dapibus
Bonnie,Carpenter,55,198861009,Flandes,,1948 North Hill,55,Vipe,nunc,in
Fred,Burke,46,159063496,Danzi,,2 La Follette Pass,5229,Skimia,in,blandit
Chris,Cruz,68,661378836,Vailoatai,,9946 Scott Center,99451,Flipbug,primis,faucibus
Keith,Turner,74,784251255,Quatro Barras,,00 Butternut Circle,9,Thoughtmix,facilisi,pede
Joan,Chapman,70,165378114,Lysychovo,,60 Pankratz Court,23,Gabtype,consequat,pede
Jerry,Stanley,47,239384461,Muzambinho,,836 Old Gate Junction,47,Brainsphere,suscipit,augue
Kelly,Peters,29,156257997,Lazaro Cardenas,Mexico,942 Dottie Plaza,2,Vinder,nulla,quis
Robert,Sanchez,29,46567903,Tangban,,12836 Union Point,40,Skilith,pede,nam
Raymond,Taylor,93,395474568,Kamen’-na-Obi,,2 Mariners Cove Lane,091,Jaxnation,vulputate,vivamus
Marie,Carroll,20,108327206,Vårgårda,Västra Götaland,7470 Cottonwood Lane,0,Bluezoom,in,habitasse
Norma,Thompson,55,526408911,Pujilí,,2393 Brickson Park Way,9,Topdrive,quis,turpis
Cheryl,Perry,69,662156616,Erdaocha,,0668 Lerdahl Lane,5,Minyx,est,adipiscing
Evelyn,Jacobs,72,898367105,Höganäs,Skåne,25226 Bluestem Hill,931,Wordpedia,quisque,nulla
Louis,Reid,38,481160982,Pancas,,2310 International Street,46,Yodel,aliquam,feugiat
Raymond,Jackson,94,907306429,Tawau,Sabah,75114 Burrows Circle,678,Oozz,sed,tincidunt
John,Harris,82,174005991,São João dos Montes,Lisboa,534 Ridgeview Hill,5,Rooxo,in,tempus
Wayne,Garcia,95,300770312,Darungan Lor,,6 Charing Cross Parkway,81916,Oodoo,lectus,placerat
Bruce,Gonzales,85,451291648,Turangi,,2125 Knutson Hill,04331,Wikizz,semper,diam
Emily,Anderson,19,627173917,San Agustin,,7 International Terrace,611,Oloo,dictumst,tempus
Lois,Murray,72,178396545,Cocobeach,,6 Glendale Way,07870,Tazz,condimentum,in
Annie,Hawkins,75,881452334,Quevedo,,734 Jackson Center,861,Skyvu,est,nibh
Michelle,Clark,39,919882020,Khāliş,,60 John Wall Crossing,9117,Photobug,tempor,integer
Kathy,Sullivan,27,750136123,Mosty,,036 Butternut Place,613,Aimbu,duis,non
Edward,Cunningham,13,508432707,Slutsk,,8911 Oxford Avenue,343,Dabshots,in,dolor
Julie,Pierce,65,799446453,Xinhe,,656 Logan Way,109,Rhycero,libero,magna
Alice,Patterson,89,31099662,Talipan,,9 Pearson Drive,05310,Jaxworks,pede,nisl
Kathleen,Fernandez,77,484260234,Petrovo-Dal’neye,,8541 Dahle Circle,9875,Zoomcast,duis,eleifend
Brenda,Mason,35,794338991,Gongrong,,624 Northport Junction,20,Voolia,pede,et
Debra,Ellis,28,651247465,Bajing,,2681 Hayes Circle,6,Demimbu,ac,nulla
Raymond,Campbell,31,270714395,Gaizhou,,05451 Lawn Road,6174,Youbridge,sit,ac
Christopher,Diaz,76,179789627,Gueltat Zemmour,,6196 Farwell Way,92788,Photobean,nulla,ipsum
Brenda,Peters,25,484486250,Richmond,,4024 Sauthoff Park,754,Minyx,diam,convallis
Raymond,Cooper,19,375119003,Cabrero,,164 Rowland Parkway,2723,Avamm,hac,habitasse
Philip,Kennedy,63,242009706,Bueng Khong Long,,56191 Norway Maple Pass,59021,Midel,fusce,leo
Amanda,Roberts,27,409935345,Téra,,75870 Bunting Center,576,Jabbersphere,in,elementum
Aaron,Peterson,43,247228040,Santa Fe de la Vera Cruz,,0 Debs Lane,04,Kazu,vulputate,cubilia
Russell,Gonzalez,13,369228235,Shangma,,4710 Anhalt Road,21785,Kwimbee,semper,ac
Wanda,Kim,60,94409359,Kawaliwu,,6 Caliangt Crossing,72,Tazzy,proin,eget
Laura,Wilson,59,89883850,Ţūlkarm,,4437 Del Sol Terrace,93,Brightdog,nulla,sit
Jacqueline,Woods,80,356950602,Sodankylä,,3611 Armistice Road,8602,Rooxo,ultrices,dapibus
Michelle,Sanchez,46,309921711,Ikang,,17 Sauthoff Avenue,5,Bubblebox,sapien,nisl
Marilyn,Ray,84,658768124,Asan,,6 Ramsey Lane,12,Twitterworks,porttitor,quisque
Jerry,Russell,38,111106513,San Isidro,Veracruz Llave,77354 Carey Park,3435,Rhycero,pretium,erat
Billy,Reed,16,799328193,Bunisari,,752 Messerschmidt Avenue,42450,Avamba,quis,in
Louise,Butler,94,343879961,Oravais,,8258 Moland Avenue,52689,Vidoo,ut,in
Daniel,Carpenter,83,704973416,Marttila,,24481 Dapin Parkway,3,Zoomdog,purus,sollicitudin
Lori,Hansen,48,154190883,San Isidro,Chiapas,1 Bunting Lane,41,Skynoodle,nulla,nisi
Joyce,Daniels,38,301305760,Kosów Lacki,,457 Kenwood Place,61554,Babbleopia,sed,in
Mark,Kennedy,80,806993436,Mancos,,563 Emmet Circle,5381,Cogilith,aliquam,vivamus
Jimmy,Fuller,57,639134209,Sibayo,,94 Magdeline Trail,786,Trudeo,ac,sapien
Alan,Hicks,64,139252284,Gayle,,306 Declaration Court,0,Linklinks,suspendisse,consequat
Rebecca,Lawson,53,962638126,Timeng,,5723 Schiller Trail,87,Kwimbee,est,consequat
Rachel,Gonzalez,29,123821445,Saky,,39 Nancy Avenue,2,Dabfeed,at,rutrum
Henry,Arnold,52,339608980,São João do Campo,Coimbra,75 Mendota Park,03328,Edgeblab,diam,mattis
Jason,Harris,57,147472670,Ejmiatsin,,290 Miller Pass,6,Gigashots,sagittis,nisl
Jack,Turner,74,210051897,Viraco,,14 Clemons Circle,23,Oyonder,eget,non
Susan,Lewis,28,397996276,Pijao,,297 Northfield Crossing,83514,Buzzshare,suspendisse,iaculis
Emily,Price,65,546707866,Shibīn al Qanāţir,,34 Tennessee Way,48,Centizu,sagittis,mi
Carol,Morales,90,962877642,Mutangyuan,,558 Vera Point,4906,Blognation,non,vestibulum
Paula,Grant,46,342962066,Chaihu,,4683 Hintze Hill,8,Wordware,varius,a
Albert,Hanson,28,869646694,Lijiang,,83 Buena Vista Pass,733,Tagopia,ut,in
Ernest,Martin,89,357586843,Yijiang,,0866 Anniversary Park,457,Tagcat,turpis,pede
Anne,Hamilton,28,966157113,Fada N'gourma,,0507 Emmet Alley,28924,Feedfish,lacus,amet
Steven,Garcia,68,149961882,Claveria,,535 Scofield Hill,1956,Bluezoom,praesent,in
Amy,Palmer,49,50565950,Novoukrainskiy,,494 Annamark Circle,599,Zoomdog,nisl,nibh
Janet,Payne,70,416543758,Yuracyacu,,60 Kipling Road,95,Avamm,turpis,mauris
Jean,Alvarez,42,729316222,Cartago,,6345 Dayton Street,70,Devshare,nam,semper
Jessica,Owens,15,340420232,Thành Phố Nam Định,,7 Farragut Lane,828,Fivechat,maecenas,consectetuer
Walter,James,10,852253582,Xekar,,845 Mallard Junction,1,Jabbersphere,in,suspendisse
Todd,Reed,64,175702900,Merlo,,7 Coolidge Junction,65244,Dabtype,lacinia,diam
Martin,Cook,17,77076680,Linshanhe,,67 Corscot Center,5,Kimia,lacus,ipsum
Justin,Oliver,45,40940291,El Marañón,,1 Kennedy Junction,081,Livetube,adipiscing,non
Jeremy,Wagner,32,719226404,Taraz,,220 1st Crossing,43,JumpXS,faucibus,turpis
Charles,Brown,25,64650407,Gaurnadi,,89 Fallview Lane,38,Rhycero,et,viverra
Gary,Lewis,15,698001999,Verdun,Lorraine,8207 Marcy Parkway,649,Trilith,molestie,iaculis
Katherine,Hernandez,95,896176201,Ketawang,,360 David Parkway,1,Dynabox,quam,id
George,Henry,51,331520447,Houjie,,8 Fuller Point,083,Kwilith,nisi,eleifend
Lawrence,Gray,19,428286522,Venëv,,04727 Petterle Street,1273,Flashpoint,pretium,non
Henry,Smith,89,945529525,Jiufeng,,70330 Moulton Circle,13494,Fadeo,odio,mollis
Stephen,Henderson,99,626541577,Saitama,,424 Farwell Terrace,6,Mydo,rutrum,nullam
Lori,Cruz,14,852448255,Przeworsk,,0 Dixon Road,486,DabZ,nibh,ante
Emily,Burns,68,167769728,Awjilah,,7 Gateway Junction,49,Fliptune,ornare,at
Diane,Olson,70,242939795,Thamaga,,3881 John Wall Place,41,Eabox,mauris,tellus
Donna,Porter,77,12393364,Xinxing,,57 Veith Center,68180,Vitz,in,a
Billy,Tucker,87,850127379,Dowlatyār,,504 Dawn Road,168,Kwideo,malesuada,suspendisse
Eugene,Oliver,82,885797453,El Cafetal,,38 Hudson Plaza,56,Oodoo,nulla,accumsan
Alan,Wood,55,315539202,Sechelt,,23 Onsgard Circle,6484,Jaloo,in,ipsum
Linda,Berry,37,59884746,Jamundí,,769 Sutherland Place,124,Aibox,mauris,lacinia
Carl,Baker,28,446860328,Kavýli,,395 Stoughton Crossing,3,Babbleset,imperdiet,ligula
Samuel,Hansen,29,248772939,Brejo da Madre de Deus,,43 Golf View Lane,13279,Katz,vel,libero
Clarence,Robinson,83,383493841,Aboisso,,2368 Mandrake Pass,80740,Izio,pretium,tortor
Charles,Miller,53,790576336,Szamotuły,,29944 Dovetail Drive,5975,Devcast,quisque,eu
Alice,Perkins,37,96857952,La Estancia,,4 Sunfield Center,56512,Realbuzz,pede,ut
Richard,Taylor,42,601440893,Frederiksberg,Region Hovedstaden,3 Kedzie Center,61184,Leexo,orci,leo
William,Duncan,38,608711032,Patrocínio,,0 Armistice Drive,78535,Realpoint,vehicula,lorem
Ralph,Cook,91,635588327,Scottsdale,Arizona,9 Crest Line Street,5794,Trudeo,eget,amet
Eric,Henderson,43,185333599,Yugang,,78086 Browning Drive,1,Jatri,posuere,cursus
Brenda,Ray,68,404731772,Luruaco,,2724 Scoville Pass,8,Dabfeed,vitae,eget
Teresa,Cox,82,838900574,Houmt Souk,,22 Northridge Center,3,Camido,platea,ac
Jane,West,77,500913611,Khairpur,,05 1st Avenue,44443,Lazz,sit,aliquet
Emily,Hall,34,323968716,Kowingir,,4438 Charing Cross Hill,0016,Trilith,felis,in
Amy,Hanson,29,427446507,Hengshui,,446 Golf View Center,9,Fivebridge,sed,duis
Sharon,Reyes,19,300973055,Eskilstuna,Södermanland,11 Hanover Hill,78600,Trupe,posuere,ultrices
Richard,Peterson,10,94843208,Villa Bisonó,,71361 Wayridge Way,4582,Jabbersphere,non,sit
Christine,Stevens,23,53434250,Limulan,,983 Tennyson Avenue,26205,Buzzdog,eu,velit
Dorothy,Hudson,36,868389827,Penha Longa,Porto,91 Maryland Park,389,Roodel,primis,eu
Ruby,Rogers,53,287718678,Kaffrine,,19 Warner Point,6,Devify,mauris,sapien
Frank,Perry,51,363031706,Yanzhou,,210 Norway Maple Avenue,2357,Gigaclub,erat,orci
Howard,Coleman,30,235425339,Ath,Wallonie,28825 Commercial Parkway,25433,Yodoo,praesent,eget
Lisa,Morris,99,241578369,Kronoby,,34 Veith Street,74971,Miboo,odio,nulla
Shirley,Young,84,712506268,Airuk,,70 Namekagon Way,173,Lajo,elementum,commodo
Jeffrey,Lewis,22,399468002,Quemú Quemú,,54857 Spenser Point,49152,Realfire,at,luctus
Tina,Montgomery,11,146971103,Zhourui,,0 Ohio Avenue,65424,Thoughtsphere,consequat,a
Juan,Walker,43,151642747,Geneina,,1 Roxbury Alley,01,Realblab,at,pulvinar
Irene,Olson,58,581622244,Shënmëri,,015 Kedzie Street,41,Fivechat,orci,egestas
Keith,Roberts,23,157612082,Cayna,,18 Warrior Place,0365,Buzzster,nonummy,habitasse
Robin,Harris,39,266051261,Tariji,,5 Elgar Alley,57403,Tazz,sagittis,sollicitudin
Marilyn,Montgomery,34,987810935,Lantian,,84360 Butterfield Center,34752,Yakijo,in,in
Kimberly,Garcia,46,930392406,Marseille,Provence-Alpes-Côte d'Azur,45 Summit Park,8065,Youtags,amet,nunc
Arthur,Dunn,53,43131762,Mayskiy,,37 Canary Terrace,69,Vinte,et,lobortis
Robert,Jackson,33,147644867,Tianzhou,,7093 Almo Plaza,22941,BlogXS,ligula,lectus
Debra,Johnson,75,694247805,Agoo,,7 Hovde Lane,137,Mydeo,id,justo
Steve,Alexander,51,446577286,Glafirovka,,90 Mallard Park,32,Dabshots,condimentum,sit
Clarence,Simmons,37,576548501,Heqian,,69152 Waxwing Street,8,Mydeo,commodo,semper
Rebecca,Perry,31,235595926,Ngajum,,9777 Hoepker Parkway,5,Quamba,potenti,venenatis
Nicholas,Robertson,51,758223012,Zhuyang,,2361 Bowman Road,2,Voonyx,varius,tristique
Lawrence,Lewis,11,843757864,Oenopu,,13348 Buell Point,52740,Riffpedia,nisi,erat
Jack,Mills,23,394128854,Maqia,,8 Everett Hill,23,Janyx,in,augue
Wayne,Holmes,59,244439222,Buea,,0124 Debra Circle,21237,Mudo,laoreet,praesent
Johnny,Graham,90,136161480,Dao,,393 Gerald Park,74776,Nlounge,quam,tellus
Christine,Arnold,77,962996365,Levallois-Perret,Île-de-France,41 Debra Hill,31013,Oyondu,lectus,eu
Paula,Reyes,74,215250242,Tene,,8 Sutherland Pass,72712,Izio,id,faucibus
Marilyn,Turner,64,750019128,Palencia,,786 Trailsway Center,3637,Pixope,curabitur,in
Jose,Ross,38,61608377,Shuguang,,4320 Morrow Drive,91,Minyx,nulla,ac
Jane,Hudson,39,617055293,Mikumi,,50 Division Street,352,Tazz,dapibus,vehicula
Ashley,Edwards,64,497413035,Pustá Polom,,57 Trailsway Court,0862,Reallinks,semper,nulla
Timothy,Alexander,51,783444003,Kota Kinabalu,Sabah,036 Morningstar Alley,238,Mydo,turpis,morbi
Phillip,Stone,98,499390278,Cergy-Pontoise,Île-de-France,4 Coolidge Hill,9103,Zoomlounge,mauris,praesent
Jeffrey,Simmons,56,192335672,Cartagena,,65203 Jana Pass,68215,Muxo,pellentesque,eget
Jonathan,Cole,15,85914710,Guanta,,155 Delladonna Lane,3,Edgeclub,vel,nascetur
Nicole,Shaw,44,528630514,Albert Town,,48820 Melrose Place,6,Realbuzz,nibh,tempus
Brenda,Hunt,16,250014842,Luozhou,,412 Claremont Street,67,Feedfish,fusce,dolor
Shawn,Hanson,99,826277242,Sidem,,008 Troy Pass,41,Jamia,sed,vel
Ronald,Spencer,77,93481210,Naviraí,,6 Holmberg Circle,7158,Zoovu,consequat,pellentesque
Jeffrey,Collins,73,896845719,Awat,,0 Fulton Park,00,Roodel,a,interdum
Joyce,Ruiz,20,101907213,Libofshë,,4242 Elmside Drive,798,Browsecat,vivamus,ut
Tammy,Banks,14,976629174,Tarikolot,,50 New Castle Pass,619,Yakidoo,tristique,nunc
Sharon,Walker,93,698071870,Greda,,7932 Nobel Circle,72,Linktype,arcu,volutpat
Carol,Coleman,75,392934745,Lumbayan,,22925 Lien Plaza,27095,Quinu,ante,nam
Anthony,Weaver,81,380676286,Ristinummi,,4 Green Crossing,54,Minyx,morbi,varius
Anthony,Hicks,52,202003057,Dasha,,341 Canary Circle,3,Dabshots,arcu,integer
Carlos,Dixon,88,723393915,Hwacheon,,77276 Lighthouse Bay Crossing,40,Linklinks,nisl,quisque
Nicholas,Graham,66,260670567,Parawan,,35 Derek Street,4,Bluezoom,lacinia,justo
Brenda,Lewis,71,618950011,Czudec,,19 Green Drive,690,Youbridge,eros,venenatis
Sandra,Long,23,586146718,Cawayan Bugtong,,97860 Lindbergh Hill,5345,Reallinks,sapien,suspendisse
Larry,Perry,56,832458859,Kubang,,49735 Meadow Ridge Way,97965,Realbridge,praesent,integer
Russell,Fowler,76,414963860,Wenhe,,85551 Grim Hill,53,Quimba,erat,donec
Bonnie,Garrett,45,745657477,Bieto,,08 Fisk Circle,8414,Fivespan,ante,sapien
Frank,Andrews,52,273509539,Tapon,,00 Arizona Court,183,Oloo,purus,elit
Arthur,Ferguson,54,771607438,Zhangqiang,,072 Swallow Crossing,52,Centimia,quisque,nam
Bruce,Robertson,29,841392923,Pathum Ratchawongsa,,1 Westridge Place,310,Feedfire,aliquam,semper
Christine,Watson,31,304117304,Velika,,346 Talmadge Crossing,46095,Skinte,a,orci
Sandra,Garcia,23,367838018,Aimin,,3595 Carey Hill,5450,Kwimbee,purus,a
Johnny,Chapman,12,28059414,Yushan,,52957 International Point,71,Ailane,tempor,quis
Jerry,Kelly,84,507055991,Vila Nova,Braga,118 Hallows Court,11,Rhyloo,integer,sapien
Louis,Howard,92,257051180,Ma‘dān,,9476 Warrior Hill,805,Brainverse,elit,amet
Brandon,Butler,98,72347362,Shevchenkove,,849 Butterfield Alley,222,Gigazoom,elementum,lacinia
Emily,Moreno,48,371675613,Zhongcheng,,45794 Rockefeller Point,3384,Skibox,id,donec
Nicholas,Moreno,85,686354917,Panyingkiran,,9 Fuller Crossing,60,Jabbertype,eu,lorem
Joe,Garrett,58,519673967,Pilcaniyeu,,92 Caliangt Place,838,Avaveo,leo,maecenas
Chris,Lane,84,981427009,Pueblo Nuevo,,001 New Castle Park,517,Dabvine,sed,ac
Donald,Cunningham,13,737571704,Aganan,,3710 Pankratz Trail,8045,Devshare,libero,et
Michelle,Garcia,91,796315077,Caramuca,,7382 Vahlen Point,302,Tavu,velit,sem
Norma,Murray,52,300680518,Novaya Chigla,,7722 Blaine Place,5,Skimia,adipiscing,eget
Doris,Coleman,87,696615754,Sinamar,,4914 Rusk Terrace,8537,BlogXS,porttitor,sem
Joseph,Ellis,92,88724079,Florencia,,617 Buena Vista Avenue,3,Dabtype,nulla,elementum
Walter,Carr,78,297798226,Ambato Boeny,,35732 Knutson Pass,54935,Camido,in,accumsan
Karen,Fuller,96,365387421,Banaran,,995 Harbort Place,473,Skippad,curae,nulla
Jacqueline,Hanson,94,585436018,Bedadung Kulon,,094 Northland Circle,9385,Linkbuzz,fringilla,sagittis
Eugene,Davis,86,376973345,Lazaro Cardenas,Michoacan De Ocampo,0 Warner Parkway,1,Cogibox,nam,montes
Lawrence,Franklin,83,604448574,Akwanga,,113 Eastwood Alley,66533,Bluezoom,consequat,vel
Ruth,Perez,10,262647257,Maripipi,,662 Roxbury Park,8867,Jaxworks,nunc,ipsum
Angela,James,80,433038021,Goshogawara,,26476 Jay Pass,128,Meejo,duis,tempus
Louise,Hall,88,87239191,Liuzu,,12825 6th Road,55,Topicware,porttitor,mus
Jeremy,Jordan,40,585907031,Sariwŏn,,8041 Eastwood Point,8,Twitterbeat,mus,non
Carlos,Howard,51,219441860,Pajo,,8 Eastwood Way,0,Thoughtworks,suscipit,nisi
Adam,Larson,23,402058465,Vardane,,9 Hoard Parkway,13760,Gigashots,congue,id
Laura,Holmes,44,813931480,Velká nad Veličkou,,12809 Boyd Terrace,4,Realcube,amet,sit
Mark,Myers,59,575100796,Antony,Île-de-France,4 Northridge Street,3896,Camido,nisi,odio
Kathleen,Porter,38,391604847,Wangqinzhuang,,18512 Corscot Way,75597,Fiveclub,pharetra,adipiscing
Robert,Frazier,38,697966560,Vostryakovo,,463 Beilfuss Court,5,Eamia,ut,ultrices
Alan,Walker,66,53988160,Ciangir,,5328 Stuart Park,90815,Quatz,aenean,id
Henry,Cole,29,908127754,Gaide,,9288 Utah Parkway,25,Meemm,metus,iaculis
Chris,Watson,89,744496049,Prince Edward,,6 Sunfield Point,5035,Dabshots,cursus,luctus
Cynthia,Gonzalez,24,239839480,Nieuwegein,Provincie Utrecht,476 Bobwhite Terrace,9,Meezzy,quam,pellentesque
Wayne,Sanders,40,821048341,Vienna,Virginia,25 Oriole Circle,381,Rhyloo,non,diam
Catherine,Boyd,90,143367494,Berlin,Berlin,7971 Meadow Ridge Plaza,1,Realbuzz,quam,ut
Jeffrey,Torres,29,356860428,Sagay,,0029 Carioca Alley,8,Podcat,in,dis
Beverly,Williamson,67,502631936,Qa‘ţabah,,67 Novick Terrace,758,Thoughtblab,interdum,cubilia
Jeremy,Reyes,95,956789419,Pasirmadang,,78 Quincy Court,3,Wordpedia,enim,at
Justin,Wagner,36,538451930,Riangblolong,,62 Mariners Cove Way,077,Kimia,suspendisse,in
Gregory,Harper,42,932563664,Beberibe,,11 Randy Pass,8,Thoughtstorm,mi,sem
Janice,Cook,90,767957184,Fukuma,,42486 Ridge Oak Crossing,8,Rhycero,curae,consequat
Peter,Bradley,61,734291528,Huji,,34 Nancy Street,754,Dabvine,odio,congue
Chris,Nguyen,78,570270949,Paraíso das Águas,,8757 Fisk Park,94764,Thoughtbeat,aliquet,sit
Anne,Harris,97,731461345,Hengqu,,52 Portage Crossing,974,Shufflester,praesent,metus
Aaron,Boyd,84,420281616,Umeå,Västerbotten,5434 Upham Lane,7,Agivu,lectus,porttitor
Kevin,Reed,95,48644209,Marcovia,,1514 Lawn Park,9116,Photolist,dolor,eu
Carolyn,Hawkins,88,114339542,Ta Khmau,,43 Fair Oaks Park,6,Youspan,vel,odio
Jonathan,Medina,58,969391456,Detroit,Michigan,7 Cascade Alley,7,Trudoo,massa,in
Johnny,Russell,46,324410291,Jardín América,,2 Stang Drive,0,Aibox,quam,vivamus
Joe,Simpson,59,992197485,Pleszew,,34 Moulton Parkway,10,Skaboo,est,lacus
Edward,Gordon,49,190317177,Norrköping,Östergötland,2621 Dorton Trail,16815,Photobug,odio,orci
Aaron,Graham,58,76586320,Pyu,,56809 Buell Road,4108,Photobug,pellentesque,eget
Lisa,Gomez,67,676850828,Chaltyr,,088 Schurz Court,41,Gigaclub,rutrum,venenatis
Gary,Graham,57,615793463,Brodarica,,6 Service Alley,6,Gabtype,lobortis,amet
Jonathan,Bailey,17,889997159,Novopokrovka,,639 Sommers Way,8037,Jabbersphere,tempor,ut
Rose,Dean,34,919776036,Novopavlovsk,,64885 Thompson Terrace,921,Abatz,leo,massa
Bruce,Willis,72,192238808,Khamis Mushait,,5 Ridgeview Crossing,9,Oyonder,vestibulum,sit
Aaron,Davis,22,815551406,Cimarelang,,5344 Kings Court,32,Dabshots,porta,libero
David,Mason,25,739677068,Saransk,,6 Towne Drive,11655,Jazzy,nec,quis
Frank,Ellis,74,735707642,Curuzú Cuatiá,,37 Raven Center,7712,Eadel,eget,sem
Janice,Graham,89,809239455,Höshööt,,469 Springs Alley,237,Abata,odio,feugiat
Phyllis,Chavez,68,659606661,Tumxuk,,5021 Fairfield Crossing,745,Myworks,sed,rutrum
Paula,Greene,78,308660307,Kanal,,55 Fremont Hill,03,Twimm,turpis,mi
Joseph,Parker,44,393959798,Trikora,,6 South Drive,61,Kwimbee,montes,integer
Sharon,Cox,51,553281444,Kangping,,98543 Swallow Place,4,Voonte,suspendisse,at
Steven,Morris,34,195780886,Iralaya,,189 Katie Hill,565,Oyoba,sociis,sagittis
Alan,Morrison,12,443557636,Floresta,,243 Di Loreto Alley,12,Trudeo,ultrices,in
Kelly,Johnson,70,720779414,Belyy Yar,,22578 Moose Point,16825,Zoonoodle,commodo,vivamus
Philip,Henderson,35,269956393,Panikihan,,32 Gateway Trail,99,Skipstorm,volutpat,accumsan
Beverly,Porter,29,544462696,Velká Bystřice,,42142 Porter Park,64,Camido,arcu,vestibulum
Stephanie,Ray,45,294467649,Karpacz,,6 Melody Plaza,7653,Flipstorm,mus,vel
Kathleen,Ferguson,26,911240515,Kiyawa,,082 Claremont Circle,18,Devpulse,nisl,nisl
Jane,Ryan,89,171499865,Tsementnozavodskiy,,6579 Harper Junction,0,Zoonoodle,vivamus,tristique
Andrew,Clark,43,579355543,Sankui,,06 Thackeray Junction,24512,Yadel,a,congue
Alice,Welch,22,519443678,Dukay,,15844 Maple Wood Court,031,Oyondu,nisi,in
Paul,Reid,57,414163902,Sisŏphŏn,,4937 Waubesa Avenue,3718,Katz,amet,quam
Amanda,James,46,305754080,Donghoufang,,74 Glendale Avenue,764,Oyoyo,justo,posuere
Maria,Coleman,14,738653315,Recife,,8 Saint Paul Point,972,Skimia,nisi,metus
Margaret,Stevens,76,85741974,Šalovci,,7280 Westridge Junction,91,Thoughtworks,molestie,vestibulum
Daniel,Cox,59,806412762,Kambingan,,3 Knutson Park,62,Realbridge,faucibus,pellentesque
Louis,Hernandez,31,615681545,Gondar,Braga,2324 Summerview Alley,17,Katz,mi,et
Bruce,Clark,77,507274936,Jiuchenggong,,3096 Helena Way,244,Brainlounge,vitae,erat
Teresa,Garcia,97,324454357,Guanzhuang,,6439 Buena Vista Plaza,740,Yadel,volutpat,ipsum
Melissa,Montgomery,58,301628257,Camp Ithier,,76 Haas Crossing,6911,Zoovu,accumsan,in
Fred,Garza,74,783069291,Arrën,,3 Esker Junction,94408,Wordware,sit,libero
Gary,Torres,78,977507774,Cambridge,,36 Sachs Hill,10805,Meetz,quam,ornare
Victor,Howell,92,329687320,Xiaolong,,359 Hanover Way,03467,Photospace,maecenas,diam
Melissa,Moore,89,835598540,Mizhirah,,2 Sutteridge Place,12601,Demivee,luctus,nibh
Craig,West,86,228142517,Omaha,Nebraska,5 Holmberg Plaza,108,Mynte,amet,duis
Philip,Barnes,28,252247746,Kotel’va,,230 Lillian Road,19,Bubbletube,arcu,in
Janet,Thompson,69,469359751,Laocheng,,61023 Eagan Road,74565,Viva,morbi,lacus
Amy,Stevens,83,206396715,Arrap’i,,7971 Northwestern Hill,4,Divape,lectus,ultrices
Arthur,Ramos,47,525899705,Penhascoso,Santarém,428 Clarendon Parkway,45156,Zooxo,sociis,sapien
Sara,Hawkins,92,349974023,Talacogon,,8 Dennis Center,6133,Gigashots,at,etiam
Kenneth,Marshall,83,279210342,Luar,,763 Kim Alley,9088,Janyx,egestas,turpis
Barbara,Hill,59,593908267,Babakan,,0017 Browning Pass,964,Cogilith,morbi,tempus
Pamela,Woods,87,387766619,Phibun Mangsahan,,74 Pine View Circle,4,Thoughtworks,volutpat,vehicula
William,Jones,89,963431918,Longbo,,5942 Manley Court,75034,Devshare,nec,elementum
Denise,Powell,98,720292895,Mezinovskiy,,3508 Carpenter Avenue,30090,Feedmix,tellus,aliquam
Joyce,Schmidt,88,868066002,Jiumen,,874 Nova Junction,442,Kwimbee,vitae,mauris
Norma,Bailey,59,132364804,Portland,Oregon,7373 Carberry Lane,81907,Edgeclub,odio,platea
Jimmy,Gonzales,50,655743305,Itapetinga,,87098 Forest Run Trail,49104,Kwideo,phasellus,adipiscing
Brian,Carpenter,76,268793338,San Isidro de Lules,,6531 Ridgeview Center,9646,Skaboo,cras,sed
Katherine,Collins,37,597804731,Dolavón,,19622 Hazelcrest Junction,41013,Quaxo,vel,euismod
Robert,Harrison,68,381831383,Saint-Julien-en-Genevois,Rhône-Alpes,92140 Elka Junction,8006,Gevee,enim,id
Amy,Hicks,95,826787563,Laowobao,,887 Clemons Crossing,48,Thoughtmix,odio,odio
Willie,Moore,25,329909422,San Martín Zapotitlán,,3943 Stoughton Plaza,04,Yakitri,magna,lacus
Catherine,Austin,84,225324953,Golema Rečica,,73 Crownhardt Point,1,Jetpulse,scelerisque,velit
Carlos,Mills,32,25562249,Göteborg,Västra Götaland,2322 Farragut Pass,772,Divape,quis,pellentesque
Peter,Grant,49,145078256,La Uvita,,6260 Del Sol Center,98098,Buzzbean,lectus,nulla
Thomas,Mccoy,28,17613861,Koupéla,,2 Hoffman Junction,7178,Izio,in,mauris
Kathryn,Myers,87,509718092,Esch-sur-Alzette,,720 Menomonie Court,931,Twimbo,suspendisse,dui
Russell,Arnold,62,278282189,Blučina,,94 Surrey Junction,00816,Skilith,vestibulum,nulla
Walter,Mendoza,56,259327437,Gongdao,,283 Farragut Plaza,87069,Thoughtbeat,sed,velit
Maria,Hernandez,23,318482446,Synevyr,,3149 Welch Street,2295,Cogibox,at,sit
Albert,Sims,50,515479581,Takeshiken,,7 Raven Road,5,Twitterbeat,lectus,convallis
Mildred,Richards,91,750157883,Sasolburg,,72 Scoville Center,6,Oyondu,eu,etiam
Elizabeth,Lawson,25,860011219,Adelaide,South Australia,99 Dottie Way,0,Feedbug,accumsan,diam
Victor,Gardner,33,601069019,Kobuleti,,57104 Holmberg Crossing,1857,Quinu,libero,suspendisse
Betty,Knight,35,732061050,Kaoshan,,57 Maryland Terrace,8,Twimm,justo,posuere
Bobby,Watson,69,331243639,London,England,32 Blue Bill Park Crossing,47,Avavee,duis,ante
Sean,Gibson,44,636237382,Dongdu,,9506 Erie Court,1265,Realbridge,erat,fusce
Julia,Hughes,27,636450279,Rancagua,,48117 Surrey Way,058,Skalith,in,sollicitudin
Brenda,Fisher,61,829229495,Kuaidamao,,24 Miller Road,7011,Katz,vel,ut
Terry,Burke,67,274011682,Chernyanka,,4 Center Crossing,70454,Trilia,et,ut
Michelle,Wood,52,76492126,Hitachi-Naka,,064 Artisan Crossing,2969,Kwimbee,nulla,nec
Matthew,Ramirez,15,753968755,Pirok,,00136 Jenifer Terrace,97009,Miboo,at,placerat
Charles,Marshall,75,123000235,Ciangir,,17640 Transport Trail,6,Demimbu,nullam,dictumst
Andrew,Mcdonald,89,628809176,Subulussalam,,47693 Fairfield Place,00,Twitternation,pede,turpis
Rachel,Berry,84,148870995,Spånga,Stockholm,69 Blaine Center,42174,Gigazoom,turpis,dolor
Ernest,Duncan,24,417477675,Chinú,,5 Ridgeway Parkway,2,Geba,amet,at
Emily,Jenkins,84,981065365,Guadalupe,Puebla,84 Anthes Plaza,60,Centidel,magnis,turpis
Norma,Hansen,85,846528152,Minami-rinkan,,721 Summerview Road,13529,Linklinks,pretium,ante
Evelyn,Palmer,75,198265640,Sami,,60290 Harper Junction,029,Rooxo,eleifend,mauris
Julia,Bowman,62,110017060,Puerto Berrío,,88718 Charing Cross Park,6911,Realmix,nisi,risus
Helen,Allen,14,409392746,Banjar Tibubiyu Kaja,,499 Boyd Court,501,Skipstorm,convallis,cubilia
David,Roberts,32,688752972,Tucson,Arizona,7 Oxford Park,29,Photobug,purus,pede
Cheryl,Moore,73,787589243,Santiaoshi,,246 Northfield Point,3046,Ainyx,dapibus,ligula
Roger,Bailey,99,399282154,Hradec nad Moravici,,94766 Mifflin Center,297,Npath,in,donec
James,Burns,81,275672759,Călăraşi,,111 Merchant Junction,6808,Vinte,curae,nisl
Annie,Jenkins,57,509787206,Bol’shoye Skuratovo,,7721 5th Trail,46318,Jabbertype,morbi,tincidunt
Samuel,Sims,74,129902831,Stockholm,Stockholm,820 Warrior Trail,9701,Meejo,sollicitudin,ac
Walter,Hicks,93,342081080,Bologna,Emilia-Romagna,05228 Delladonna Point,408,Mymm,mus,semper
Willie,Stanley,77,365071629,Matão,,94795 Village Trail,5,Voolia,magnis,gravida
Katherine,Dean,36,692488604,Kebon,,0460 Cambridge Road,24941,Midel,dictumst,id
Adam,Jenkins,50,62823786,Shimen,,255 Mayfield Hill,9711,Bluejam,sapien,quis
Alice,Stone,83,280785147,Shaochang,,11881 Buena Vista Hill,4342,Oodoo,interdum,tincidunt
Paul,Lopez,19,267298091,Youguzhuang,,0 Kennedy Trail,1447,Topiclounge,potenti,curae
Evelyn,Harris,87,364093119,Petrovskoye,,61484 Namekagon Parkway,86991,Ntag,odio,bibendum
Kathryn,Banks,27,778689946,Oneop,,5 Memorial Park,72,Rhycero,id,tortor
Annie,Cole,88,167752265,New Leyte,,34 Stephen Park,69973,Voolith,nibh,odio
Ruth,Rodriguez,18,268068899,Longos,Braga,27 Luster Pass,06,Yacero,lacus,semper
Fred,Ward,26,983087645,Pavlohrad,,393 Shelley Pass,23839,Feednation,id,mi
Aaron,Holmes,91,215199680,Tuanzhou,,47 Shopko Trail,67,Devbug,nulla,lectus
Brian,Boyd,92,663731030,Isanlu Itedoijowa,,4 Macpherson Street,75,Zoomcast,non,sapien
Joan,Young,22,261926783,Sentul,,57 Pearson Park,914,Topdrive,cras,sit
Jeffrey,Wells,63,628630882,Cangchang,,23007 Holy Cross Hill,88510,Linktype,nullam,arcu
Keith,Sims,71,446013915,Purwosari,,9864 Dapin Place,64,Zoovu,feugiat,nulla
Jessica,Carroll,41,590311140,Caringin Lor,,557 Twin Pines Street,49447,Fivechat,tincidunt,natoque
Jonathan,Anderson,57,376240406,Brzyska,,47 Clove Circle,3,Thoughtstorm,aliquet,in
Stephanie,Pierce,38,815945310,El Viejo,,1 Fulton Trail,44348,Meevee,erat,erat
Janice,Chavez,29,788579724,Kalapanunggal,,0 Northwestern Point,8631,Voonte,elit,pede
Ralph,Hansen,31,835910765,Kobylí,,4576 Eagle Crest Park,4948,Livetube,eu,turpis
Gerald,Williamson,49,191721975,Kumba,,1 Grover Street,564,Kwinu,pellentesque,scelerisque
Stephanie,Parker,83,156702160,Turinsk,,6 Talmadge Terrace,6984,Skivee,vel,ligula
Louise,Banks,99,410673454,Unquillo,,1 Elgar Lane,56,Babbleblab,in,morbi
Howard,Cox,88,187510634,Marseille,Provence-Alpes-Côte d'Azur,4198 Warrior Junction,310,Kazio,ipsum,posuere
Elizabeth,Andrews,77,169103622,Kalutara,,5536 Victoria Drive,7289,Livefish,in,non
Cynthia,Edwards,73,150419928,Sheregesh,,0 Fordem Place,341,Tambee,pellentesque,sit
Joseph,Day,14,614089365,Kobylanka,,8551 Manley Drive,1,Tagopia,curabitur,ipsum
Ralph,Lawson,16,866614002,Yenakiyeve,,87 Service Trail,13,Photojam,vel,eu
Gloria,Wallace,97,970051353,Hinigaran,,9359 Kings Street,1834,Npath,adipiscing,at
Donna,Larson,12,841685664,Nanlin,,5 Heath Pass,319,Livepath,in,at
Andrew,Williams,91,87400754,Jeżów Sudecki,,4 Mcbride Road,3,Skinte,suscipit,donec
Adam,Brown,47,976978280,Jayyūs,,4 Drewry Pass,80496,Twitternation,aliquam,morbi
Jerry,Wright,97,741106645,Utrecht (stad),Provincie Utrecht,26 Fordem Lane,78,Skivee,sed,tristique
Joseph,Fuller,89,412643934,Quintão,Porto,0 Carberry Way,9986,Photobug,vestibulum,adipiscing
Mary,Watson,64,773861035,Shanhe,,0 Anzinger Terrace,26,Lajo,magna,sapien
Patrick,Woods,10,252374571,Huari,,38 Gale Center,80576,Jayo,mattis,sit
Phillip,Hamilton,38,394093430,Pucón,,3 Eastlawn Alley,0,Gabvine,in,vestibulum
Jessica,Holmes,11,326869275,Namling,,7395 Nancy Avenue,66421,Livetube,erat,leo
Martha,Hayes,30,203453410,Krajan Kinanti,,1 Algoma Street,7459,Edgeclub,id,proin
Angela,Parker,52,465408618,Bamusso,,806 Chinook Park,79371,Photolist,orci,integer
Adam,Hernandez,26,112732169,Placer,,90 Judy Road,36394,Gabtype,cursus,cubilia
Joe,Wilson,73,115195749,Tanggul Wetan,,2 Rusk Drive,641,Thoughtbridge,rhoncus,nulla
Justin,Greene,92,387007335,Shengmi,,3 Eastlawn Junction,8121,Zoomcast,potenti,sit
Daniel,Burns,81,154465817,Langsa,,497 Evergreen Road,034,Riffwire,et,at
Susan,Robinson,60,404209587,Horrom,,9 Waxwing Avenue,205,Agimba,quis,est
Robert,Little,34,686703772,El Cacao,,48 Atwood Road,277,Npath,nulla,erat
Carlos,Kelley,71,999768641,Tanggulangin,,06 Southridge Road,1,Muxo,vel,id
Amanda,Howell,61,881451775,Sabang,,43 Loomis Street,2,Zooxo,diam,nibh
Stephen,Bennett,54,295700885,Anse Boileau,,804 Del Sol Circle,36278,Thoughtblab,elementum,quam
Anne,Baker,59,941714581,Barão de Cocais,,398 Butternut Circle,7,Demimbu,justo,sapien
Kathy,Jackson,17,844610665,Gajrug,,11651 Barby Place,1353,Aibox,sapien,amet
Wayne,Flores,69,776021508,Antalaha,,44 Kinsman Hill,26847,Lazzy,vestibulum,eget
Juan,Wells,48,828515307,Sidu,,5987 Oak Valley Circle,033,Oyondu,at,ultrices
Annie,Watkins,87,37106348,Vysoké nad Jizerou,,0 Heffernan Road,83,Voomm,aenean,platea
Gary,Burke,62,148779015,Tampere,,592 Doe Crossing Plaza,3,Bubbletube,sit,sociis
Jeffrey,Williams,23,945284512,Upper Hell's Gate,,11205 Ruskin Alley,60,Yakidoo,amet,phasellus
Martha,Thompson,32,139081534,Sancha,,90065 Bultman Place,9064,Devpoint,velit,et
Gloria,Day,60,282927379,Kompaniyivka,,74942 Miller Circle,4853,Divape,sociis,pharetra
Emily,Hughes,69,455847055,Harbour Breton,,06848 Pierstorff Parkway,29564,Roomm,fusce,semper
Philip,Cole,25,606027886,Newark,New Jersey,35767 Memorial Hill,0,Oyondu,quis,vitae
Rebecca,Kennedy,35,307653808,Senlis,Picardie,08645 Harbort Way,65915,Viva,id,mauris
Teresa,Nelson,45,124327593,Clermont-Ferrand,Auvergne,9908 Manley Center,950,Dynabox,felis,elit
Kathleen,Lawrence,59,479932190,Plakhtiyivka,,89 Pond Trail,91,LiveZ,luctus,quisque
Martin,Bishop,47,719794528,Bavorov,,4517 Straubel Park,0550,Lajo,sed,ut
Martin,Young,29,44300171,Tsukawaki,,9 Loomis Avenue,15,Demizz,cras,augue
Scott,Harrison,62,870510414,Slutsk,,81214 Hoffman Pass,6215,Midel,pede,nulla
Ronald,Simmons,21,950019734,Luleå,Norrbotten,91519 Redwing Avenue,3,Dynazzy,enim,sit
Larry,Hunter,38,883049372,Wuquan,,0 Bultman Plaza,48453,Quinu,at,a
Steve,Matthews,55,920658184,Chincha Baja,,643 Continental Court,690,Edgeify,cubilia,fusce
Brandon,Porter,90,914633508,Içara,,0 Dwight Place,8854,Fadeo,integer,felis
Doris,Wheeler,53,679283342,Zhengchang,,115 Weeping Birch Road,522,Edgeify,mi,egestas
Sharon,Henry,69,203261928,Sunnyvale,California,434 Packers Court,9640,Plajo,duis,penatibus
Patrick,Hughes,28,680400352,Cabaiguán,,34 Old Shore Trail,5025,Rhynoodle,et,congue
Kelly,Harvey,29,951434104,Tongzilin,,23919 Dottie Junction,19632,Vipe,dolor,donec
Jesse,Williamson,58,504834459,Kåge,Västerbotten,6979 Portage Parkway,9947,Aimbu,ac,at
Larry,Garcia,71,488858497,Colonia Elía,,7 Portage Crossing,54,Quaxo,suscipit,dictumst
Dennis,Nichols,86,215794873,Grand Rapids,Michigan,63122 Ronald Regan Way,74,Fanoodle,in,a
Craig,Murphy,96,795137462,Amparafaravola,,494 Namekagon Lane,1,Vinte,velit,at
Jose,Torres,87,125427578,Guyancourt,Île-de-France,1 Roxbury Circle,2,Yodel,sapien,enim
Diana,Wells,93,306127400,Shengrenjian,,57607 Pennsylvania Hill,6,Kwilith,eget,phasellus
Jeffrey,Dunn,47,992836070,Takokak,,1591 Northland Pass,454,Twimm,amet,dis
Arthur,Fisher,56,324421381,Dangcalan,,72 Lotheville Way,538,Gigashots,sodales,in
Walter,Brown,11,69224839,Aguiar da Beira,Guarda,8818 Golden Leaf Terrace,423,Katz,integer,tristique
Joan,Ray,22,799951484,Avignon,Provence-Alpes-Côte d'Azur,6698 Kinsman Point,0381,Photospace,morbi,quam
Beverly,Reyes,25,179200077,Kui Buri,,1 Fieldstone Plaza,2779,Browsebug,sapien,etiam
Joe,Stone,84,737153583,Carot,,488 Commercial Avenue,52826,Skippad,purus,purus
Beverly,Moreno,68,796951813,Telagaselaba,,533 Kropf Alley,97089,Yambee,magnis,ligula
Samuel,Nichols,57,74150537,Madrid,Madrid,179 Oak Point,85,Tagcat,erat,orci
Todd,Welch,24,230237033,Lambton Shores,,16000 Helena Place,82715,Pixope,eros,lacinia
Ernest,Fernandez,95,518065487,Dhali,,592 Cambridge Lane,53,Abatz,etiam,ridiculus
Wanda,Garza,43,962466656,Bagu,,557 Washington Trail,6,Thoughtmix,metus,non
Kathy,King,12,534252597,Dorp Tera Kora,,1683 5th Place,3,Feedbug,ut,suspendisse
Kathleen,Brown,86,144813357,Staraya Kupavna,,2 Glendale Drive,754,Oyonder,nulla,id
Bruce,Day,20,736816746,Gravataí,,30592 Boyd Crossing,5,Rhyloo,aliquam,integer
Christina,Murray,30,61032565,Danglang Hudong,,3884 Melody Lane,2308,Feedspan,nisi,vel
Daniel,Bennett,77,136414194,Tapan,,65017 Ludington Circle,7853,Eire,turpis,posuere
Sharon,Ross,83,254162411,Pekan,Pahang,95 Doe Crossing Trail,1230,Zoonoodle,lacinia,eu
Carl,Hamilton,55,845990570,Meïganga,,33 Scofield Junction,74270,Meejo,ipsum,accumsan
Jack,Evans,91,364904819,Neresnytsya,,626 Coolidge Circle,7895,Dazzlesphere,rutrum,maecenas
Carl,Mason,30,981646997,Youngstown,Ohio,3 East Circle,4,Yakidoo,dolor,in
Michael,Perkins,55,76902186,Tucson,Arizona,7673 Grasskamp Hill,02982,Gigashots,leo,sollicitudin
Henry,Romero,25,322800753,Biritiba Mirim,,9 Chive Circle,12,Rhynoodle,non,ultrices
Willie,Parker,23,198014086,Carmen de Viboral,,91888 Rigney Point,3,Janyx,pellentesque,lobortis
Raymond,Chapman,68,966008681,Куклиш,,13 North Way,659,Realmix,elit,convallis
Samuel,Wood,10,727297740,Markivka,,7471 Almo Pass,94451,Livetube,erat,maecenas
Edward,Brooks,67,383666791,Kalynivka,,53507 Armistice Circle,9,Dablist,viverra,duis
Willie,Dixon,78,839298895,Mabini,,467 Colorado Crossing,1412,Shufflebeat,nulla,mauris
Frances,Medina,36,594253501,Kawangohari,,30023 Continental Terrace,10199,Jayo,amet,cras
Frank,Stanley,92,220787700,Cuozhou,,02 Eggendart Lane,970,Browsedrive,sapien,ac
Beverly,Green,68,172594342,Zhashkiv,,04982 Harper Terrace,7106,Wordpedia,in,habitasse
Juan,Larson,93,823403214,Nice,Provence-Alpes-Côte d'Azur,3 Alpine Avenue,872,Vitz,elit,est
Theresa,Ortiz,56,485315870,Liyuan,,4602 Columbus Plaza,0891,Roombo,volutpat,quam
Lisa,Barnes,34,309157688,Cimuncang,,7 Warbler Street,1191,Dazzlesphere,posuere,blandit
Robert,Kelley,49,991613848,Puhja,,53662 Golf Terrace,4474,Voonder,habitasse,congue
Ralph,Larson,89,366060277,Enskede,Stockholm,4 Sycamore Point,46,Leenti,metus,luctus
Jessica,Shaw,62,133393110,Gisiliba,,49 Dunning Road,6555,DabZ,nunc,quam
Jennifer,Simpson,69,925348832,Miejsce Piastowe,,9634 Vernon Drive,4,Zoovu,rutrum,id
Lillian,Barnes,10,591817117,Karasgede,,57 Linden Alley,6077,Yadel,justo,mauris
Arthur,Perkins,23,483249702,São Tomé,,1 Holy Cross Court,59378,Jetpulse,sit,in
Antonio,Simpson,58,191276730,Winton,,1 Troy Court,795,Teklist,posuere,vestibulum
Frank,Weaver,35,46650654,Hamburg,Hamburg,2182 Hoffman Park,6234,Zoombox,curae,quis
John,Barnes,27,370335280,Hrochův Týnec,,7 Dennis Point,5,Realcube,tempus,eu
Joyce,Thompson,59,480564656,Vendargues,Languedoc-Roussillon,2781 Boyd Park,81,Blognation,eu,posuere
Richard,Robinson,46,108304325,Jiangbei,,52 Golden Leaf Hill,36,Dablist,nulla,ipsum
Wayne,Nelson,78,449469860,Westport,,1310 Warbler Alley,8,Dablist,dolor,vivamus
Terry,Rogers,82,994401144,Gbarnga,,1 Arkansas Road,0126,Trupe,morbi,placerat
Ann,Harvey,79,407967072,Hekou,,8 Lindbergh Alley,50,Yombu,sit,aliquam
Jean,Stewart,48,802546510,Hanggan,,58 Derek Pass,589,Omba,ultrices,quam
Annie,Cook,27,866953858,Rodez,Midi-Pyrénées,51277 Fairview Street,87,Rhyloo,lacus,sapien
Steve,Kelley,18,508055949,Липково,,110 Summerview Point,11,Skimia,justo,ut
Mark,Nguyen,68,367145785,Batangan,,5062 Walton Park,5,Feedfish,duis,in
Pamela,Davis,52,907821299,Strasbourg,Alsace,10144 Lakewood Plaza,3,Edgetag,in,quisque
Catherine,Berry,12,424921087,Mizi,,959 Grover Drive,9,Bluejam,tincidunt,posuere
Fred,Morgan,11,295764388,Baga Borihe,,18320 Lotheville Circle,5,Oloo,at,lacus
Margaret,Matthews,28,425928591,San Gabriel,,008 Fair Oaks Road,766,Browseblab,ut,nulla
Norma,Little,92,839358384,Krabi,,9 Browning Pass,565,Divavu,urna,vel
Teresa,Hart,97,690888529,Cimanggu,,891 Cambridge Court,51,Trudoo,adipiscing,eu
Helen,Morales,99,422119148,San Isidro,Jalisco,52 Cherokee Terrace,91874,Gabvine,mi,enim
Juan,Wells,85,204391418,Shuntian,,0572 Atwood Point,01673,Kaymbo,duis,et
Theresa,Rodriguez,34,446620211,Kamyanyuki,,74 Summer Ridge Street,220,Edgetag,lectus,nam
Larry,Sullivan,87,906607492,Yangsan,,98213 Center Park,11,Quatz,massa,adipiscing
Jason,Kelly,69,926213823,Campo Viera,,0215 Harper Park,01,Flipopia,nec,id
Lois,Thomas,26,260076027,Aomori Shi,,2 Merchant Park,01729,Skalith,mauris,curabitur
Gary,Sanchez,61,483456690,Ayapel,,59 Twin Pines Way,8585,Layo,amet,posuere
Terry,Dean,16,606249845,Nashville,Tennessee,888 Lakewood Gardens Way,68537,Katz,odio,diam
Patrick,Richards,90,54600491,Mulyosari,,4753 Warbler Point,7,Realbridge,nulla,phasellus
Irene,Crawford,88,892602303,Gulu,,1 Bunting Avenue,775,Agivu,vestibulum,curae
Sara,Frazier,84,613170858,Ekazhevo,,72275 Holmberg Center,91,Blogtag,donec,cras
Edward,Larson,61,57751192,Lepoglava,,198 Holmberg Avenue,808,Pixope,suspendisse,enim
Carlos,Watson,18,160056449,Liqizhuang,,414 Banding Court,1,Browseblab,turpis,eget
Virginia,Rodriguez,34,564348137,Puncan,,40250 Hovde Trail,8,Ainyx,sed,nulla
Billy,Cook,18,471406108,Krajan Winong,,1 Iowa Crossing,37,Dynabox,tellus,suspendisse
Howard,Crawford,13,470451789,Tsagaanchuluut,,285 Ruskin Terrace,13635,Yakijo,non,eu
Benjamin,Webb,61,826180252,Jiagao,,0552 Anzinger Point,59333,Skidoo,proin,sit
Carl,Bailey,90,829045940,Lutou,,5890 Dovetail Junction,75784,Tazzy,est,justo
Wayne,Thomas,81,119680159,Jesús María,,0 Eagle Crest Drive,99,Oyondu,in,in
Dorothy,Carpenter,67,787714035,Terek,,067 Maple Wood Road,9887,Youspan,lectus,in
Edward,Johnston,71,162097700,Baofeng,,11 Memorial Lane,3389,Geba,eget,erat
Teresa,Barnes,12,120686617,Zhulebino,,7 Sugar Way,44,Jamia,in,et
Bobby,Murray,35,88237955,Las Flores,Tamaulipas,0 Vermont Drive,633,Tanoodle,et,proin
Christopher,Kim,82,846533423,Montpellier,Languedoc-Roussillon,51284 Petterle Junction,66081,Dabvine,blandit,morbi
Kevin,Little,83,714714855,Shaoguan,,19720 Dexter Alley,86,Fatz,convallis,ipsum
Brenda,Long,21,234787145,Buriti Bravo,,55997 Heffernan Parkway,8,Minyx,justo,pellentesque
Adam,Kim,13,303157728,Penambangan,,40839 Sloan Road,7531,Twimbo,quam,fusce
Aaron,Harper,87,93960790,Yëlkino,,205 Milwaukee Avenue,24,Edgeblab,natoque,pede
Maria,Hunt,39,532718261,Jarry,Guadeloupe,691 Cody Center,21,JumpXS,ultrices,erat
Anna,Jackson,69,192954008,Banzão,Lisboa,61 Oneill Park,56,Voonyx,sapien,scelerisque
Chris,Henry,27,35873602,Sungaikupang,,16708 Steensland Way,6,Flipstorm,nisl,natoque
Lori,Dunn,36,74041493,Maqbanah,,2 Melvin Road,5227,Trudeo,pulvinar,eros
Juan,Burton,13,50833587,Aberdeen,Scotland,39 5th Park,71277,Vinder,lacinia,erat
Larry,Carpenter,74,666405644,Sanshan,,42434 Dwight Junction,924,Einti,semper,sit
Roy,Vasquez,90,134317373,Nankun,,8553 Victoria Pass,715,Meeveo,morbi,in
Julie,Perry,48,358333650,Bohicon,,56890 Maple Wood Park,76,Zoombox,id,elit
Ann,Knight,50,908606691,IJmuiden,Provincie Noord-Holland,5 Eliot Point,0440,Innotype,leo,tempus
Emily,Fox,80,317859882,Digne-les-Bains,Provence-Alpes-Côte d'Azur,5894 Northview Court,94422,Bubblemix,vivamus,eu
Linda,Andrews,63,44056433,Khulna,,94439 Harper Circle,0,Trilia,integer,eu
Jack,White,35,730277900,Curahpacul Satu,,211 Eastlawn Street,35,Photojam,vel,etiam
Beverly,Allen,69,766937621,São Martinho do Campo,Porto,8 Pearson Drive,4469,Realbuzz,curabitur,eget
Theresa,Matthews,19,933096372,Néa Manolás,,53345 Boyd Center,07,Agimba,consequat,quis
Cheryl,Miller,21,965781436,Arvika,Värmland,4873 Ruskin Park,38226,Bluejam,ultrices,aliquet
Victor,Boyd,83,118633618,Duobaoshan,,863 Cody Point,95893,Fanoodle,quis,lorem
Aaron,Hall,96,977772927,Loufan,,91658 Susan Plaza,047,Dabjam,non,lectus
Raymond,Cooper,88,552942942,Tongguan,,8327 Eliot Court,48,Yamia,pulvinar,nullam
Gerald,Hughes,25,846966926,Karangsonojabon,,133 Lakeland Crossing,617,Skiba,fringilla,consequat
William,Thompson,90,914464430,Luokeng,,6466 Union Lane,06,Rhybox,cras,vestibulum
Justin,Morales,50,287044075,Vales,Santarém,980 Norway Maple Center,29,Skalith,id,ultrices
Benjamin,Webb,57,471415304,Liulang,,646 4th Alley,18550,Yozio,leo,etiam
Anna,Day,80,911860124,Kalianda,,65209 Oneill Alley,3039,Quamba,phasellus,sed
Elizabeth,Riley,26,102612413,Chencai,,57 Dennis Way,06219,Shuffledrive,tempus,erat
Betty,Allen,17,84485137,Silva Jardim,,6978 Shelley Trail,51,Skinder,consequat,amet
Johnny,Hill,79,660115710,Mingcheng,,540 Muir Place,351,Quatz,duis,luctus
Douglas,Montgomery,25,756393854,Abbeville,Picardie,7219 Rusk Street,08,Vitz,felis,molestie
Ronald,Mcdonald,58,511933432,Honglu,,0545 Lyons Street,157,Eidel,justo,nunc
Jeffrey,Bryant,65,550138901,Al Finţās,,0970 Iowa Drive,6,Brainverse,dui,odio
Elizabeth,King,74,772138746,Lubbock,Texas,7163 Oak Valley Road,0373,Kimia,odio,potenti
Sarah,Reyes,99,796654020,Bollène,Provence-Alpes-Côte d'Azur,938 Hanover Junction,7494,Rhyzio,pretium,libero
Todd,Johnson,87,950387209,Matam,,5990 5th Drive,8991,Feedfish,porttitor,at
Justin,Edwards,36,564202800,Chikeng,,7 Ridgeview Trail,072,Linktype,interdum,id
Gregory,George,86,104600279,Amman,,72229 Shelley Park,77,Skibox,sit,ut
Jose,Warren,58,972425775,Huilong,,6 Lotheville Circle,589,Kaymbo,volutpat,posuere
Sean,Gonzalez,21,990343349,Seara,Vila Real,5 Hudson Center,5260,Zoonder,eleifend,nulla
Daniel,Hayes,75,248206595,Praga Północ,,259 Sundown Road,137,Topicblab,phasellus,metus
Sean,Reed,56,527768459,Chaoyang,,70180 Acker Road,1,Wikido,ultrices,sodales
Sara,Palmer,21,806652400,Zhitang,,58 Ridgeview Park,16,Livetube,mi,est
Larry,Wallace,83,939375444,Tanagara,,800 Stone Corner Place,88159,Flipopia,aliquam,tortor
Joyce,Nguyen,10,602964830,Pinillos,,80 Oakridge Avenue,16,Minyx,mattis,integer
Ashley,Burke,19,795597048,Philadelphia,Pennsylvania,7 Welch Hill,443,Yodo,in,faucibus
William,Mitchell,45,232453664,Jinshan,,6 Prairieview Circle,1,Ntag,fusce,at
Sarah,Woods,52,375684986,Donghu,,159 Toban Terrace,4615,Flashspan,velit,nullam
Jose,Henderson,93,329905270,København,Region Hovedstaden,4111 Shelley Point,35,Tagpad,sem,lacus
Peter,Burke,78,860646677,Yên Thành,,2301 4th Parkway,559,Roombo,in,eget
Margaret,Hansen,81,310322423,Mayenne,Pays de la Loire,19672 Melody Pass,8,Zoomcast,justo,magnis
Brenda,Murray,68,788311362,Leiyang,,54370 Rutledge Crossing,51247,Zava,sed,pretium
Benjamin,Dunn,56,415794538,Oslo,Oslo,117 Clyde Gallagher Drive,68,Quinu,nunc,justo
Joe,Fields,20,72596888,Kivsharivka,,0 Holy Cross Place,2563,Kwilith,condimentum,est
Raymond,Walker,27,222348190,Sawahbaru,,878 Killdeer Alley,61272,Tambee,faucibus,mollis
Ruby,Myers,54,198916464,Gniechowice,,3 Kim Center,3380,Linkbuzz,pellentesque,in
Patricia,Cunningham,48,711836686,Kcynia,,3 Spenser Lane,68298,Yakidoo,aliquam,sollicitudin
Andrew,Ford,16,848150999,Huaqiao,,05261 Cardinal Trail,04,Jabbersphere,faucibus,quam
Gloria,Ramos,71,124470460,Putrajawa,,8410 Northwestern Trail,3,Zoomdog,sapien,etiam
Jennifer,Carpenter,84,103842504,Nykvarn,Stockholm,7509 Green Ridge Center,677,Rhynoodle,lorem,justo
Jimmy,Hansen,42,711875652,Zhangwan,,16237 Magdeline Lane,69598,Twimm,proin,sit
Kathleen,Adams,58,460035648,Outeiro,Leiria,232 Cardinal Terrace,154,Kazu,tortor,etiam
Henry,Brooks,92,825816509,Hugang,,3 Loomis Junction,0,Zazio,sociis,urna
Gerald,Schmidt,97,26343989,Krajan Sumurtawang,,68965 Barby Pass,1124,Zoonder,ut,erat
Harry,Taylor,78,51559850,Pohonsirih,,70 Londonderry Way,2,Browsedrive,vulputate,ut
Alan,Walker,92,527775232,Velikiy Ustyug,,7 Saint Paul Road,1,Lazz,accumsan,mus
Michelle,Flores,48,578289283,Piškorevci,,0579 Oriole Avenue,19433,Zooveo,vel,dolor
Jennifer,Russell,17,777346763,Kitsuki,,3270 Weeping Birch Center,77465,Quimm,eget,vel
Judith,Taylor,66,620091403,Tengqiao,,7850 Commercial Drive,276,Divavu,id,mi
Robert,Garrett,31,785433393,Borovikha,,3 Lakewood Circle,33499,Skalith,sed,maecenas
Gerald,Murray,22,994135539,Lian,,20 Service Place,99,Lazz,consectetuer,elementum
Howard,Mccoy,10,894847113,Jindou,,116 Thompson Crossing,71024,Abata,metus,tortor
Denise,Romero,85,703174070,Kenscoff,,779 4th Park,3991,Cogidoo,tellus,diam
Cheryl,Medina,53,215225083,Youxikou,,54004 Lyons Lane,5907,Tagpad,ligula,eget
Amy,Jones,79,231400137,Houston,Texas,9958 Service Court,96,Yakidoo,sed,integer
Martha,Roberts,27,223406061,Yinghai,,65509 Karstens Parkway,33,Kare,lectus,sed
Carl,Gutierrez,40,741049601,El Zapote,Guanajuato,598 Pepper Wood Parkway,20,Meedoo,eu,platea
Tina,Morris,99,402811714,Vapnyarka,,70720 Loomis Court,79317,Yabox,phasellus,aenean
Scott,Miller,67,935313585,Kostomuksha,,409 Delaware Avenue,963,Aimbo,luctus,platea
Kathryn,Carter,88,658591740,Zhangxi,,030 Harbort Road,29,Meedoo,aliquet,vitae
Christopher,Howell,44,708764551,Teresópolis,,17 Mcbride Park,74,Centidel,in,ut
Donna,Freeman,31,661043138,Haikou,,319 Fallview Center,29,Fanoodle,amet,eu
Julia,Wheeler,22,733237509,Velingrad,,334 Banding Street,99945,Brainverse,tempor,metus
Robin,Freeman,20,835572915,Yeping,,49088 Ruskin Place,19863,Skilith,aliquam,metus
Edward,Cooper,52,505085584,Kugri,,96517 Mifflin Avenue,5269,Wikizz,eros,eu
Teresa,Ryan,93,683988408,Đồi Ngô,,6585 Graedel Park,39,Linktype,ante,urna
Carolyn,Martin,58,351439806,Pinhal de Frades,Setúbal,60 Thackeray Court,8699,Demizz,ultrices,erat
David,Nelson,53,415272417,Deskle,,70729 Amoth Junction,89,Skidoo,tincidunt,nibh
Rose,Phillips,97,931990859,Segoro,,6 Longview Center,889,Oyondu,nam,vestibulum
Karen,Richardson,89,363533168,Tanahmerah,,11275 Hansons Crossing,96,Babbleset,leo,pellentesque
Jason,Hayes,77,668969449,La Esperanza,,85986 Stone Corner Street,54207,Divape,quis,eros
Ashley,Ferguson,87,149088135,Washington,District of Columbia,59 Kropf Park,52488,Voonyx,proin,rutrum
Antonio,Brooks,55,545043423,Cibeureum Kidul,,787 Scott Circle,0,Dabshots,mauris,in
Judy,Mcdonald,94,444169614,Caratinga,,15810 Service Plaza,329,Mydeo,proin,suspendisse
Alice,Larson,86,416247608,Cheongsong gun,,72 1st Lane,8332,Yakijo,viverra,elit
Arthur,Carroll,90,248048175,Astghadzor,,246 Gerald Road,2,Jaxbean,nam,sed
Paul,Wallace,55,464844413,Nāgarpur,,59347 Talmadge Trail,473,Zooveo,purus,molestie
Virginia,Bennett,32,693154711,Wonorejo,,817 Bultman Street,372,InnoZ,pulvinar,sed
Billy,Knight,72,33513514,Russeifa,,5316 Dawn Crossing,84817,Skilith,habitasse,sem
Gloria,Burke,11,498972332,Roi Et,,273 Grayhawk Point,412,Livetube,venenatis,erat
Steve,Chapman,41,399036617,Chekhov,,0256 3rd Point,73756,Livetube,neque,non
Harry,Wilson,69,490089172,Outeiro,Aveiro,4 Muir Trail,128,Jetpulse,tincidunt,quisque
Ruby,Rivera,68,983499547,Chezhan,,13615 Maple Pass,89985,Camimbo,sed,odio
Ronald,Griffin,35,311474183,Ngembo,,04 Farwell Point,8232,Twitterbridge,orci,risus
Robert,Weaver,28,260626942,Nafada,,18693 Warbler Place,154,Meevee,ac,maecenas
Angela,Fuller,27,219597491,Dokuchayevs’k,,32 Montana Parkway,792,Vipe,sapien,potenti
Janet,White,68,876898363,Sami,,092 Birchwood Trail,322,Brainverse,mattis,vel
Katherine,Torres,84,398527902,Yingyang,,3 Pennsylvania Street,8264,Quatz,tortor,augue
Lisa,Perkins,62,265247009,Marne-la-Vallée,Île-de-France,9 Holy Cross Terrace,32,Ntags,mi,sollicitudin
Rose,Ortiz,81,976497441,Šentvid pri Stični,,677 Express Way,534,Vitz,mi,quis
Carol,Ward,61,910436530,Zhaoguli,,0 Bonner Drive,515,Youbridge,lectus,ligula
Michelle,Hart,48,100138260,Talata Mafara,,69994 Vahlen Circle,0545,Feedmix,dolor,quis
Gary,Taylor,31,376566010,La Concepcion,Mexico,965 Nelson Plaza,19378,Zoombeat,duis,mi
Joe,Wagner,76,839706953,Panyindangan,,65 Elgar Park,04531,Nlounge,sit,sit
Cynthia,Holmes,42,836122108,Krajan Menggare,,4 Ridgeview Avenue,7103,Dabfeed,in,lacus
Teresa,Bishop,69,776399601,Santa Lucía Cotzumalguapa,,4 Esker Center,6216,Miboo,tincidunt,lacus
Craig,Cooper,62,834357360,Melaka,Melaka,5 Brentwood Drive,5122,Topicblab,sit,orci
Katherine,Lynch,11,735715637,Vrbno pod Pradědem,,608 Ruskin Circle,808,Flashspan,id,bibendum
Keith,Gardner,82,265165099,Nishishinminato,,7 Manufacturers Way,17936,Topicshots,montes,mus
Martha,Thomas,67,386332336,Port Area,,325 Messerschmidt Center,11,Dynazzy,augue,ipsum
Katherine,Nguyen,73,286677154,Lazaro Cardenas,Veracruz Llave,11 Lakewood Drive,7430,Oyoba,quis,in
Anna,Palmer,81,999038019,Ruyigi,,8756 Steensland Lane,3,Oba,rhoncus,amet
Mark,Gilbert,32,701424576,Dongtian,,6042 Havey Alley,02,Buzzster,massa,sapien
Rose,Wallace,19,777658362,Asker,Akershus,57663 Huxley Trail,1178,Buzzster,nulla,tortor
Shirley,Burton,63,147657496,Xiling,,560 Hayes Lane,69133,Eidel,aliquam,posuere
Margaret,Stewart,49,123038292,Лабуништа,,73 Pleasure Avenue,49947,Skibox,tellus,eu
Maria,Henderson,45,762003839,Jiantian,,470 Annamark Park,2017,Oloo,vel,id
Lawrence,Smith,33,691553918,Tiantang,,1 Melvin Trail,09,Rhyloo,molestie,id
Scott,Knight,86,66164876,Pangushan,,20 Stephen Circle,02728,Twimm,orci,nulla
Fred,Morgan,50,288659368,Beidajie,,29 Summerview Trail,73674,Flipopia,mauris,augue
Jimmy,Burton,90,113705742,Reston,Virginia,6 Autumn Leaf Drive,98,Babbleset,blandit,lobortis
Linda,Morgan,73,995674723,Balrothery,,31372 Jay Center,6980,Youspan,blandit,curae
Anna,Larson,53,76574218,Sukamaju,,37186 Dayton Parkway,0508,Tagchat,libero,sapien
John,Cook,60,520527332,Sexiong,,7 Vermont Crossing,767,Jabbercube,praesent,mattis
William,Fields,17,922173965,Pijao,,9 Glacier Hill Trail,50359,Bluejam,felis,sed
Carolyn,Kennedy,11,372315327,New Haven,Connecticut,853 Dottie Point,7,Devify,non,pretium
George,Johnson,10,615886589,Limoeiro de Anadia,,769 Birchwood Way,79073,Agivu,sollicitudin,erat
Dorothy,Long,43,769561021,Huangshagang,,8255 Stoughton Court,28591,Eayo,ante,felis
Martha,Brooks,50,379070185,Shamkhor,,7 Lotheville Way,48,Cogibox,tellus,lectus
George,Meyer,65,180496643,Corani,,0 Mendota Pass,12,Blogpad,ac,aliquam
Stephanie,Gonzalez,93,741238019,Kanigorokrajan,,4 Northfield Alley,05,JumpXS,at,neque
Louis,Murphy,11,246703599,Mafeng,,99858 Daystar Circle,2294,Dynava,dolor,nulla
Kathryn,Bell,18,977332818,General Viamonte,,06 Farwell Junction,85,Meejo,convallis,pharetra
Jennifer,Anderson,39,697127084,Roshchino,,7920 Mayfield Way,143,Lazzy,est,elit
Janice,Brooks,26,460718518,Yandang,,9 Fisk Alley,53,Lazz,nisi,sapien
Carol,Holmes,73,892074584,Yunxian Chengguanzhen,,7915 Lakewood Gardens Trail,4078,Quire,vitae,eget
Julia,Hawkins,22,549880244,Nogent-le-Rotrou,Centre,6186 Moose Center,24391,Jabbersphere,odio,sit
William,Kelley,66,263008573,Luopu,,1 Nobel Avenue,660,Yacero,velit,posuere
Antonio,Myers,78,319732521,Ban Na San,,4 Victoria Lane,56,Skinix,massa,platea
Antonio,Armstrong,73,83888735,Al Qurayn,,2 Mayer Trail,05849,Skyba,venenatis,semper
Patricia,Perez,18,319359710,Envira,,96635 Eliot Road,2194,Rooxo,venenatis,ipsum
Christopher,Roberts,50,801049333,Zouila,,708 Mendota Street,092,Mynte,enim,quisque
Catherine,Carr,36,944026594,Nantes,Pays de la Loire,8 Norway Maple Park,7091,Meedoo,posuere,amet
Mark,Martin,24,967220266,Tashang,,59 Chinook Pass,1953,Riffwire,ultrices,vulputate
Beverly,Carpenter,67,74399451,La Fortuna,,37127 Susan Lane,9,Oodoo,vitae,sed
Joe,King,12,561846250,Moengo,,7 Northridge Junction,56,Edgeclub,lobortis,habitasse
Amanda,Lee,57,681167255,As Sūq al Jadīd,,167 Sheridan Street,0930,Fivespan,amet,maecenas
Kenneth,Harris,14,203084171,Santa Fe,Nuevo Leon,63994 Forest Street,2,Youbridge,mauris,arcu
Ashley,Bell,61,130711969,Rizó,,1 Lakeland Trail,6551,Meezzy,eu,maecenas
Craig,Sullivan,39,83236782,Fatou,,913 Maple Wood Way,90011,Yakitri,velit,aliquam
Christopher,Reynolds,40,763034635,Všemina,,59224 Oxford Parkway,14730,Linklinks,elit,nulla
Debra,Hall,71,513144139,Banjar Tegal Belodan,,7 Upham Road,02,Trunyx,luctus,odio
Mildred,Hunt,47,824959436,Barranqueras,,8 Westridge Park,52,Plambee,dui,ipsum
Fred,Webb,47,631083062,Kinsale,,680 Harbort Crossing,45,Centimia,nulla,metus
Martin,Perkins,23,837523723,East Angus,,14963 Manley Road,36,Devbug,malesuada,lorem
Henry,Stewart,71,987263638,Tekstil’shchiki,,88 Duke Court,43289,Dabjam,bibendum,eu
Jeffrey,Robinson,72,596338841,Saint Paul,Minnesota,110 Cordelia Junction,084,Skyba,iaculis,tempus
Janice,Marshall,48,519317207,Tolstoy-Yurt,,8315 Leroy Way,0,Wikizz,habitasse,luctus
Jerry,Reed,59,930730305,Luján,,14954 Summerview Pass,1,Wikizz,ante,tempor
Gerald,Powell,40,507746583,Kawm Ḩamādah,,07664 Muir Plaza,059,Eazzy,maecenas,semper
Ronald,Bowman,21,627693573,Kuala Lumpur,Kuala Lumpur,90 Nevada Pass,828,Jabbersphere,at,ut
Diana,Burke,36,172877931,Wenquan,,4 Rockefeller Plaza,855,Trupe,amet,pulvinar
Joseph,Castillo,24,611156809,Anzihao,,54195 Sutteridge Trail,5876,Lazz,etiam,a
Chris,Richardson,53,538242642,Suita,,2 2nd Park,177,Feedbug,ligula,at
Joseph,Brooks,57,614690003,Le Teil,Rhône-Alpes,435 Fisk Court,859,Thoughtmix,congue,hendrerit
Norma,Matthews,77,61586933,Nusajaya,,32 Stuart Terrace,20029,Zoomzone,sem,tortor
